Date,Open,High,Low,Close,Adj Close,Volume
2018-09-17 00,1183.99,1186.07,1171.29,1175.04,1175.04,1279900.0
2018-09-18 00,1172.49,1174.0,1162.66,1165.52,1165.52,1526700.0
2018-09-19 00,1167.0,1187.4,1163.53,1183.84,1183.84,2129400.0
2018-09-20 00,1186.49,1187.49,1171.22,1175.04,1175.04,1545200.0
2018-09-21 00,1180.0,1185.0,1167.88,1172.92,1172.92,1897300.0
2018-09-24 00,1175.06,1192.49,1173.2,1184.26,1184.26,1445300.0
2018-09-25 00,1185.51,1186.82,1171.16,1179.6,1179.6,1415800.0
2018-09-26 00,1187.49,1192.4,1174.42,1185.08,1185.08,1386700.0
2018-09-27 00,1183.22,1184.22,1171.38,1175.0,1175.0,1366700.0
2018-09-28 00,1180.0,1181.44,1167.88,1171.31,1171.31,1546900.0
2018-10-01 00,1178.37,1186.5,1175.0,1184.73,1184.73,1366000.0
2018-10-02 00,1189.1,1191.44,1172.5,1179.62,1179.62,1445200.0
2018-10-03 00,1185.0,1187.3,1170.6,1181.36,1181.36,1363100.0
2018-10-04 00,1185.0,1186.72,1170.6,1176.93,1176.93,1293100.0
2018-10-05 00,1182.03,1184.22,1173.1,1182.22,1182.22,1163100.0
2018-10-08 00,1185.06,1186.24,1171.62,1179.28,1179.28,1203700.0
2018-10-09 00,1185.0,1187.2,1171.64,1186.41,1186.41,1321100.0
2018-10-10 00,1189.14,1191.89,1172.67,1179.94,1179.94,1366000.0
2018-10-11 00,1183.78,1186.07,1175.22,1181.46,1181.46,1194100.0
2018-10-12 00,1182.0,1190.02,1178.92,1185.39,1185.39,1212100.0
2018-10-15 00,1189.5,1191.0,1170.64,1175.2,1175.2,1304600.0
2018-10-16 00,1173.82,1182.82,1170.72,1181.12,1181.12,1194100.0
2018-10-17 00,1182.82,1186.47,1177.22,1184.41,1184.41,1051700.0
2018-10-18 00,1185.08,1185.59,1171.18,1177.05,1177.05,1327600.0
2018-10-19 00,1175.9,1179.65,1165.29,1170.05,1170.05,1547200.0
2018-10-22 00,1175.47,1187.5,1172.27,1183.72,1183.72,1336400.0
2018-10-23 00,1185.0,1187.3,1174.44,1181.41,1181.41,1162000.0
2018-10-24 00,1182.04,1184.09,1173.23,1180.86,1180.86,1023300.0
2018-10-25 00,1184.0,1184.0,1172.17,1177.84,1177.84,1046300.0
2,1175.49,1199.74,1175.25,1192.78,1192.78,2380800.0
201,1199.2,1201.2,1182.48,1184.22,1184.22,2129400.0
20,1185.55,1186.1,1171.07,1179.18,1179.18,1795300.0
2,1182.31,1187.43,1177.22,1181.83,1181.83,1334600.0
2,1182.32,1184.22,1172.15,1176.27,1176.27,1369300.0
2,1177.81,1186.07,1175.24,1181.38,1181.38,1334600.0
2,1181.38,1182.31,1171.27,1175.91,1175.91,1161800.0
2,1171.32,1174.03,1163.22,1165.65,1165.65,1322200.0
2,1166.39,1167.2,1153.08,1159.42,1159.42,1374900.0
2,1155.0,1166.34,1153.12,1160.61,1160.61,1126300.0
2,1164.0,1164.0,1151.47,1155.08,1155.08,1072100.0
2,1155.08,1155.08,1147.89,1152.7,1152.7,864700.0
2,1152.7,1157.42,1148.12,1153.06,1153.06,823400.0
2,1153.06,1157.18,1149.46,1156.29,1156.29,764600.0
2,1156.29,1156.29,1149.1,1151.24,1151.24,610900.0
2,1152.11,1157.15,1152.0,1154.5,1154.5,464500.0
2,1154.5,1157.14,1151.27,1154.18,1154.18,364500.0
2,1154.18,1154.18,1137.16,1147.78,1147.78,521600.0
2,1147.78,1148.47,1135.65,1148.02,1148.02,465500.0
2,1147.94,1148.99,1132.7,1144.8,1144.8,460500.0
2,1144.8,1144.8,1130.27,1135.08,1135.08,346500.0
2,1139.1,1145.0,1132.4,1141.3,1141.3,347900.0
2,1141.3,1141.68,1134.05,1137.88,1137.88,2323300.0
2,1137.88,1144.99,1137.0,1144.05,1144.05,1615700.0
2,1144.05,1144.29,1135.0,1138.44,1138.44,1415100.0
2,1138.44,1143.94,1134.05,1136.42,1136.42,1164500.0
2,1136.42,1143.0,1135.06,1139.46,1139.46,1071300.0
2,1139.46,1140.43,1129.12,1134.05,1134.05,1187300.0
2,1134.05,1143.99,1132.27,1142.65,1142.65,1046900.0
2,1142.65,1146.17,1142.6,1143.88,1143.88,734500.0
2,1143.88,1144.66,1135.0,1139.65,1139.65,1111100.0
2,1139.65,1140.47,1130.59,1135.8,1135.8,1182200.0
2,1135.8,1139.76,1130.69,1138.39,1138.39,1046300.0
2,1138.39,1143.96,1137.0,1143.8,1143.8,1041600.0
2,1143.8,1146.17,1139.11,1140.65,1140.65,1046900.0
2,1140.65,1148.39,1140.6,1146.05,1146.05,1046300.0
2,1146.05,1148.0,1144.38,1147.0,1147.0,738000.0
2,1147.0,1148.0,1144.38,1144.95,1144.95,738000.0
2,1144.95,1145.25,1136.94,1142.7,1142.7,1111300.0
2,1142.7,1146.17,1141.8,1142.9,1142.9,804300.0
2,1142.9,1146.17,1140.27,1144.48,1144.48,794500.0
2,1144.48,1145.1,1137.2,1142.38,1142.38,806900.0
2,1142.38,1146.31,1142.38,1143.8,1143.8,645900.0
2,1143.8,1144.68,1135.0,1139.62,1139.62,1111100.0
2,1139.62,1140.47,1130.57,1135.91,1135.91,1162100.0
2,1137.9,1143.89,1133.38,1142.59,1142.59,1072100.0
2,1142.59,1146.9,1142.59,1145.54,1145.54,804600.0
2,1145.54,1145.54,1136.14,1138.85,1138.85,805100.0
2,1137.4,1145.0,1136.2,1143.1,1143.1,794100.0
2,1143.1,1144.19,1137.16,1137.81,1137.81,649800.0
2,1137.81,1144.74,1137.0,1143.0,1143.0,585900.0
2,1143.98,1144.89,1139.11,1140.45,1140.45,461900.0
2,1141.9,1142.45,1133.5,1135.2,1135.2,520900.0
2,1137.55,1141.88,1135.2,1137.85,1137.85,363300.0
2,1137.85,1141.37,1135.24,1137.04,1137.04,290300.0
2,1137.04,1141.37,1136.53,1141.29,1141.29,246300.0
2,1141.29,1141.29,1135.0,1138.7,1138.7,202300.0
2,1138.7,1145.0,1137.0,1143.5,1143.5,205100.0
2,1143.65,1146.25,1141.59,1144.48,1144.48,155500.0
2,1144.48,1145.43,1139.11,1140.6,1140.6,144600.0
2,1141.32,1142.59,1138.6,1142.44,1142.44,123900.0
2,1143.0,1148.0,1142.57,1146.93,1146.93,152970.0
2,1147.32,1147.45,1138.0,1141.8,1141.8,133460.0
2,1141.8,1145.2,1139.0,1143.7,1143.7,104370.0
2,1143.7,1144.6,1135.0,1139.9,1139.9,115560.0
2,1139.9,1141.2,1134.0,1137.81,1137.81,106330.0
2,1137.81,1141.2,1134.0,1137.81,1137.81,106330.0
2,1137.81,1141.2,1135.0,1137.08,1137.08,106330.0
2,1137.08,1141.2,1136.16,1136.61,1136.61,105130.0
2,1136.61,1141.2,1135.01,1136.85,1136.85,103370.0
2,1139.94,1145.0,1137.0,1143.38,1143.38,120310.0
2,1143.38,1146.87,1138.41,1146.18,1146.18,107330.0
2,1146.18,1146.45,1137.0,1142.65,1142.65,102570.0
2,1142.65,1144.15,1139.14,1143.49,1143.49,103490.0
2,1143.49,1144.89,1139.4,1142.08,1142.08,105570.0
2,1142.08,1146.97,1142.08,1145.89,1145.89,106310.0
2,1145.89,1146.67,1139.19,1140.76,1140.76,107570.0
2,1142.5,1146.93,1142.04,1145.54,1145.54,104310.0
2,1145.54,1145.54,1137.82,1142.73,1142.73,108470.0
2,1143.07,1148.49,1142.85,1143.65,1143.65,107060.0
2,1143.65,1144.68,1135.0,1139.62,1139.62,110520.0
2,1139.62,1140.47,1130.0,1139.07,1139.07,120910.0
2,1143.49,1144.9,1138.07,1144.32,1144.32,110660.0
2,1144.32,1144.32,1138.52,1142.84,1142.84,107330.0
2,1142.84,1146.07,1142.84,1145.29,1145.29,104670.0
2,1145.29,1145.88,1137.06,1142.62,1142.62,105140.0
2,1142.62,1146.57,1142.62,1144.13,1144.13,106300.0
2,1144.13,1144.13,1135.0,1139.14,1139.14,110520.0
2,1139.14,1141.0,1132.14,1134.85,1134.85,107330.0
2,1137.05,1141.38,1136.1,1137.4,1137.4,105580.0
2,1139.49,1140.57,1134.62,1137.75,1137.75,106330.0
2,1137.75,1141.88,1136.5,1138.48,1138.48,107570.0
2,1138.48,1142.58,1138.02,1141.16,1141.16,104670.0
2,1141.16,1141.41,1134.62,1139.0,1139.0,105140.0
2,1139.0,1140.75,1137.05,1140.7,1140.7,107570.0
2,1140.7,1148.52,1140.11,1143.08,1143.08,120020.0
2,1143.08,1144.42,1137.16,1137.81,1137.81,100500.0
2,1137.81,1141.27,1135.24,1137.45,1137.45,100670.0
2,1137.45,1141.27,1136.05,1136.52,1136.52,100330.0
2,1136.52,1140.88,1134.08,1136.45,1136.45,100650.0
2,1136.45,1144.49,1135.0,1143.78,1143.78,122990.0
2,1143.78,1146.1,1138.52,1145.72,1145.72,104570.0
2,1145.72,1146.17,1139.12,1140.5,1140.5,103340.0
2,1140.5,1142.19,1138.6,1141.13,1141.13,107570.0
2,1141.13,1145.88,1141.06,1145.59,1145.59,105580.0
2,1145.59,1145.88,1139.14,1140.52,1140.52,106170.0
2,1140.52,1148.54,1140.47,1143.78,1143.78,107460.0
2,1143.78,1144.69,1135.5,1139.75,1139.75,107450.0
2,1139.75,1141.0,1135.0,1136.88,1136.88,104310.0
2,1139.51,1140.49,1130.0,1139.04,1139.04,122310.0
2,1143.99,1144.8,1139.1,1142.13,1142.13,104630.0
2,1142.13,1146.29,1142.1,1143.85,1143.85,105160.0
2,1143.85,1144.65,1139.11,1140.46,1140.46,106300.0
2,1141.4,1145.18,1141.4,1140.46,1145.18,107570.0
2,1145.18,1145.88,1139.1,1140.51,1140.51,105170.0
2,1141.88,1145.18,1141.1,1142.88,1142.88,106330.0
2,1143.99,1144.88,1139.1,1140.05,1140.05,104630.0
2,1140.05,1140.3,1135.88,1138.89,1138.89,83970.0
2,1137.3,1143.0,1136.0,1142.17,1142.17,113740.0
2,1142.17,1146.3,1141.8,1145.31,1145.31,104630.0
2,1146.31,1146.52,1139.35,1140.65,1140.65,105160.0
2,1141.55,1145.27,1141.55,1143.08,1143.08,106330.0
2,1143.08,1143.27,1138.08,1139.3,1139.3,103560.0
2,1139.3,1140.52,1134.05,1137.41,1137.41,107570.0
2,1139.37,1141.0,1136.37,1139.42,1139.42,105580.0
2,1141.88,1142.27,1135.0,1137.67,1137.67,106200.0
2,1137.41,1141.28,1135.24,1137.41,1137.41,105580.0
2,1137.41,1141.28,1136.2,1137.16,1137.16,105160.0
2,1137.16,1141.28,1135.24,1137.05,1137.05,106110.0
2,1137.05,1141.28,1135.24,1137.41,1137.41,104680.0
2,1137.41,1141.28,1136.2,1137.09,1137.09,104570.0
2,1137.09,1141.28,1135.24,1137.41,1137.41,104570.0
2,1137.41,1141.28,1136.2,1137.09,1137.09,104570.0
2,1137.09,1141.28,1135.24,1137.41,1137.41,104570.0
2,1137.41,1141.28,1135.24,1137.09,1137.09,104570.0
2,1137.09,1141.28,1136.2,1137.84,1137.84,104570.0
2,1137.84,1141.28,1135.24,1137.84,1137.84,104570.0
2,1137.84,1141.28,1135.24,1137.84,1137.84,104570.0
2,1137.84,1141.28,1135.24,1137.84,1137.84,104570.0
2,1137.84,1141.28,1135.24,1137.84,1137.84,104570.0
2,1137.84,1141.28,1135.24,1137.84,1137.84,104570.0
2,1137.84,1141.28,1135.24,1137.84,1137.84,104570.0
2,1137.84,1141.28,1135.24,1137.84,1137.84,104570.0
2,1137.84,1141.28,1135.24,1137.84,1137.84,104570.0
2,1137.84,1141.28,1135.24,1137.84,1137.84,104570.0
2,1137.84,1141.28,1135.24,1137.84,1137.84,104570.0
2,1137.84,1141.28,1136.29,1137.42,1137.42,104570.0
2,1137.42,1141.06,1136.29,1137.84,1137.84,104570.0
2,1137.84,1141.06,1137.1,1137.61,1137.61,104570.0
2,1137.61,1141.06,1136.28,1137.84,1137.84,104570.0
2,1137.84,1141.06,1137.1,1137.61,1137.61,104570.0
2,1137.61,1140.8,1135.76,1137.21,1137.21,104570.0
2,1137.21,1143.84,1136.28,1142.89,1142.89,1273800.0
3,1143.84,1144.8,1139.11,1140.52,1140.52,1526300.0
4,1141.0,1148.86,1140.52,1147.03,1147.03,1334600.0
5,1146.7,1148.37,1141.5,1146.7,1146.7,1161600.0
7,1146.7,1146.7,1133.48,1135.0,1135.0,1715700.0
9,1135.8,1143.94,1130.78,1142.62,1142.62,1534600.0
10,1142.62,1146.1,1139.11,1143.8,1143.8,1168000.0
11,1144.65,1145.46,1135.35,1139.7,1139.7,1334100.0
12,1139.55,1140.57,1128.7,1135.79,1135.79,1512200.0
13,1139.51,1151.0,1137.0,1149.65,1149.65,1506000.0
14,1152.49,1154.66,1144.0,1151.24,1151.24,1488700.0
15,1151.24,1157.88,1150.0,1156.53,1156.53,1167400.0
16,1156.53,1157.48,1150.48,1154.58,1154.58,1072100.0
17,1157.48,1164.0,1154.2,1157.21,1157.21,1334400.0
18,1159.23,1165.0,1155.06,1157.81,1157.81,1167400.0
19,1157.81,1158.75,1152.71,1155.0,1155.0,1033100.0
20,1155.0,1155.88,1133.33,1149.75,1149.75,2001300.0
21,1142.72,1143.19,1129.47,1136.14,1136.14,1679100.0
22,1135.0,1144.14,1131.11,1136.0,1136.0,1384500.0
23,1136.55,1141.24,1127.37,1138.48,1138.48,1234100.0
26,1143.27,1144.63,1129.95,1133.42,1133.42,1529600.0
27,1135.49,1144.94,1133.64,1144.28,1144.28,1334400.0
27,1144.28,1146.12,1137.15,1143.93,1143.93,1161000.0
28,1145.55,1145.8,1133.26,1135.0,1135.0,1304200.0
29,1136.39,1144.0,1130.43,1143.91,1143.91,1436200.0
29,1143.91,1146.16,1136.11,1142.89,1142.89,1161600.0
29,1143.91,1146.16,1139.1,1140.25,1140.25,1046300.0
30,1144.25,1145.71,1139.1,1143.81,1143.81,1063000.0
30,1144.25,1145.71,1139.1,1143.81,1143.81,1063000.0
30,1146.74,1147.3,1137.14,1147.26,1147.26,1072100.0
30,1147.26,1147.3,1137.11,1137.44,1137.44,720800.0
31,1137.11,1141.38,1129.1,1137.31,1137.31,822900.0
31,1137.11,1141.38,1129.1,1137.31,1137.31,822900.0
31,1137.11,1141.38,1129.1,1137.31,1137.31,822900.0
32,1140.94,1148.0,1140.25,1144.9,1144.9,1041300.0
33,1144.95,1145.12,1125.9,1131.31,1131.31,1511000.0
34,1134.32,1134.78,1118.9,1128.51,1128.51,1364000.0
35,1131.31,1137.61,1123.27,1132.28,1132.28,1212300.0
36,1139.54,1141.71,1127.52,1136.14,1136.14,1072100.0
37,1139.54,1145.0,1132.49,1143.78,1143.78,1066300.0
38,1146.97,1147.53,1133.25,1135.0,1135.0,1086000.0
39,1136.4,1144.32,1130.27,1143.8,1143.8,1111300.0
40,1146.97,1148.4,1135.0,1141.51,1141.51,1046300.0
41,1141.51,1147.86,1140.2,1141.61,1141.61,1046300.0
42,1144.99,1145.8,1133.15,1137.25,1137.25,1110300.0
43,1139.48,1141.0,1126.58,1137.0,1137.0,1049100.0
44,1144.99,1145.2,1136.17,1143.7,1143.7,1051300.0
45,1144.31,1146.0,1139.14,1140.0,1140.0,1062100.0
46,1141.36,1144.99,1141.0,1144.25,1144.25,730000.0
47,1146.49,1147.43,1137.0,1146.44,1146.44,1185900.0
48,1146.44,1146.44,1139.1,1140.61,1140.61,864100.0
49,1142.25,1145.17,1139.05,1143.8,1143.8,964500.0
49,1144.98,1145.2,1136.15,1141.89,1141.89,1180500.0
50,1142.5,1144.99,1140.46,1143.2,1143.2,1070300.0
50,1143.2,1143.2,1134.75,1137.16,1137.16,1040100.0
51,1137.16,1141.38,1135.24,1136.84,1136.84,1048000.0
52,1137.88,1144.32,1136.0,1143.84,1143.84,1051300.0
53,1143.05,1146.89,1140.82,1145.0,1145.0,1060500.0
54,1146.65,1147.81,1140.2,1141.95,1141.95,1048500.0
55,1142.0,1145.2,1141.57,1143.48,1143.48,1034100.0
56,1143.48,1144.9,1138.64,1142.9,1142.9,1046500.0
57,1142.9,1148.0,1142.0,1144.94,1144.94,1051100.0
58,1144.94,1146.15,1137.08,1146.04,1146.04,1046800.0
59,1146.55,1146.8,1138.0,1142.88,1142.88,1033700.0
59,1143.78,1145.0,1139.1,1143.84,1143.84,1063100.0
59,1143.84,1144.98,1139.1,1142.72,1142.72,1034800.0
59,1143.0,1144.25,1137.62,1142.74,1142.74,1041700.0
59,1142.74,1144.25,1140.45,1142.64,1142.64,1051700.0
60,1143.9,1144.2,1135.8,1138.74,1138.74,1103100.0
61,1137.5,1141.2,1135.2,1137.81,1137.81,1046300.0
62,1136.95,1141.8,1134.05,1141.0,1141.0,1063000.0
63,1141.85,1146.98,1139.0,1146.49,1146.49,1075300.0
64,1148.65,1148.72,1139.1,1141.8,1141.8,1104600.0
65,1141.8,1145.79,1139.5,1143.75,1143.75,1063100.0
66,1145.0,1145.75,1137.1,1142.7,1142.7,1075700.0
67,1143.2,1148.3,1142.2,1146.07,1146.07,1051400.0
68,1146.87,1148.46,1140.1,1143.11,1143.11,1064700.0
69,1143.48,1144.39,1138.45,1142.3,1142.3,1041100.0
71,1142.3,1147.81,1140.5,1144.13,1144.13,1051300.0
73,1144.13,1145.1,1137.4,1143.35,1143.35,1066000.0
73,1143.35,1146.19,1142.0,1143.88,1143.88,834900.0
73,1143.88,1144.65,1135.0,1139.62,1139.62,1041700.0
73,1141.0,1148.3,1140.0,1145.0,1145.0,1063000.0
74,1146.93,1147.8,1137.0,1146.4,1146.4,1072100.0
75,1146.4,1146.4,1138.0,1142.87,1142.87,864500.0
76,1142.87,1144.41,1139.44,1143.08,1143.08,823300.0
77,1143.08,1148.05,1142.87,1145.88,1145.88,760500.0
78,1145.88,1146.27,1137.42,1142.85,1142.85,823100.0
80,1142.85,1144.98,1140.1,1143.48,1143.48,760500.0
82,1143.48,1143.48,1134.0,1139.52,1139.52,1049000.0
84,1141.0,1147.83,1140.0,1144.85,1144.85,1072100.0
84,1144.85,1146.2,1136.17,1142.72,1142.72,1086200.0
84,1142.72,1146.2,1140.4,1141.28,1141.28,1060100.0
84,1141.28,1141.28,1133.0,1137.84,1137.84,1070300.0
84,1137.84,1141.28,1135.24,1137.41,1137.41,1040100.0
86,1139.43,1140.54,1128.64,1137.3,1137.3,1045100.0
87,1139.14,1145.0,1136.18,1143.51,1143.51,1061000.0
88,1143.51,1146.15,1141.5,1143.28,1143.28,1020300.0
89,1143.28,1144.45,1138.06,1142.33,1142.33,834100.0
90,1143.04,1146.25,1142.24,1143.95,1143.95,860100.0
92,1143.95,1143.95,1135.0,1138.7,1138.7,1020300.0
93,1137.42,1143.54,1136.05,1142.09,1142.09,1051600.0
94,1142.09,1146.93,1142.09,1145.46,1145.46,1058700.0
95,1146.99,1148.4,1144.26,1147.03,1147.03,1063100.0
96,1147.03,1148.0,1143.57,1145.82,1145.82,1046100.0
97,1145.82,1146.12,1139.1,1140.6,1140.6,1034100.0
98,1141.6,1142.48,1137.05,1141.49,1141.49,1063000.0
99,1141.49,1146.9,1140.5,1146.29,1146.29,1072100.0
100,1146.29,1146.29,1138.1,1142.3,1142.3,1046300.0
102,1142.3,1145.16,1140.81,1144.53,1144.53,1051300.0
103,1144.53,1145.0,1137.14,1143.91,1143.91,1066000.0
104,1143.91,1144.44,1138.44,1142.04,1142.04,1034500.0
105,1142.04,1146.99,1141.59,1146.25,1146.25,1051300.0
106,1146.25,1146.25,1139.84,1140.48,1140.48,1063100.0
107,1141.82,1145.25,1141.07,1144.14,1144.14,827700.0
108,1144.14,1144.14,1135.31,1139.8,1139.8,1121100.0
109,1139.8,1145.0,1134.0,1143.34,1143.34,1304100.0
110,1143.34,1146.8,1140.5,1145.42,1145.42,1168000.0
111,1145.42,1145.42,1137.14,1142.11,1142.11,1070300.0
112,1142.11,1143.48,1139.11,1142.1,1142.1,1043100.0
113,1142.1,1145.14,1142.05,1143.8,1143.8,860300.0
114,1143.8,1144.41,1135.0,1139.94,1139.94,1159600.0
115,1141.31,1148.0,1140.5,1146.93,1146.93,1162100.0
116,1146.93,1147.42,1137.0,1142.75,1142.75,1212100.0
117,1142.75,1143.98,1137.05,1141.6,1141.6,1074300.0
118,1141.6,1148.0,1140.5,1144.9,1144.9,1080300.0
119,1145.5,1145.5,1136.86,1141.7,1141.7,1212000.0
120,1141.7,1146.25,1140.2,1141.5,1141.5,1062000.0
121,1142.32,1145.0,1139.14,1143.7,1143.7,1041100.0
122,1144.92,1145.12,1136.17,1142.1,1142.1,1045800.0
123,1142.85,1146.95,1142.1,1145.85,1145.85,1046100.0
124,1146.95,1147.65,1140.2,1141.27,1141.27,1055700.0
125,1142.9,1144.12,1137.45,1141.55,1141.55,1062100.0
126,1141.55,1142.1,1135.06,1139.46,1139.46,1034800.0
127,1139.46,1140.55,1130.58,1135.48,1135.48,1212100.0
128,1139.19,1151.62,1138.5,1150.0,1150.0,1555600.0
129,1152.77,1159.67,1151.0,1159.3,1159.3,1352200.0
130,1159.3,1165.0,1155.0,1156.84,1156.84,1334400.0
130,1157.42,1157.42,1144.15,1151.7,1151.7,1515100.0
131,1155.49,1155.49,1146.17,1151.7,1151.7,1169000.0
132,1155.49,1155.49,1147.33,1152.06,1152.06,1072100.0
133,1154.0,1154.25,1145.33,1151.2,1151.2,1212100.0
134,1155.66,1157.24,1153.0,1153.89,1153.89,1000900.0
135,1154.49,1159.99,1153.0,1159.0,1159.0,1063100.0
136,1159.5,1165.0,1154.49,1157.05,1157.05,1079300.0
137,1157.65,1164.0,1153.1,1162.6,1162.6,1082100.0
138,1162.0,1162.68,1154.5,1159.76,1159.76,1063400.0
139,1161.86,1162.41,1155.0,1156.27,1156.27,1072100.0
139,1156.27,1156.28,1149.22,1152.2,1152.2,1044100.0
140,1154.16,1154.25,1145.6,1151.05,1151.05,1062100.0
141,1150.9,1153.85,1148.2,1153.05,1153.05,1046100.0
142,1153.48,1153.48,1144.12,1145.37,1145.37,1051400.0
143,1147.14,1147.71,1137.2,1145.88,1145.88,1309400.0
144,1147.14,1147.15,1135.24,1138.7,1138.7,1346000.0
145,1141.91,1142.45,1133.01,1137.26,1137.26,1110000.0
146,1139.14,1140.65,1128.64,1139.76,1139.76,1182100.0
147,1141.25,1148.37,1140.2,1141.88,1141.88,1062000.0
148,1143.0,1144.65,1135.0,1139.95,1139.95,1212000.0
149,1137.94,1143.75,1130.45,1142.29,1142.29,1334800.0
150,1143.75,1146.19,1139.45,1143.04,1143.04,1072100.0
151,1143.75,1143.75,1135.0,1138.7,1138.7,1082100.0
152,1137.77,1145.0,1137.16,1141.33,1141.33,1063100.0
153,1143.99,1144.8,1139.0,1142.41,1142.41,1034400.0
154,1143.27,1144.29,1138.6,1142.44,1142.44,1041700.0
155,1143.78,1146.19,1140.28,1141.04,1141.04,1046500.0
156,1141.72,1145.37,1139.0,1143.84,1143.84,1051600.0
157,1144.0,1144.32,1135.0,1139.94,1139.94,1066300.0
158,1141.28,1148.65,1140.2,1147.08,1147.08,1066000.0
159,1146.95,1147.5,1137.0,1142.85,1142.85,1111000.0
160,1145.0,1145.88,1137.0,1144.41,1144.41,1046500.0
161,1144.41,1146.15,1139.12,1140.6,1140.6,1046500.0
162,1143.06,1148.37,1142.2,1143.08,1143.08,1051600.0
163,1143.08,1148.38,1142.2,1143.8,1143.8,1036300.0
164,1146.87,1147.8,1137.0,1146.0,1146.0,1212100.0
165,1151.79,1153.0,1145.31,1151.85,1151.85,1554600.0
166,1155.49,1155.75,1147.22,1152.77,1152.77,1334100.0
167,1155.49,1155.75,1147.22,1153.84,1153.84,1264000.0
168,1157.12,1159.38,1154.41,1157.0,1157.0,1330400.0
169,1157.88,1158.48,1152.44,1154.08,1154.08,1072100.0
170,1154.08,1156.89,1150.57,1155.05,1155.05,1060400.0
171,1155.27,1155.58,1147.22,1151.27,1151.27,1086000.0
172,1151.27,1154.77,1150.27,1153.07,1153.07,1070300.0
173,1153.27,1153.27,1144.17,1145.17,1145.17,1041700.0
174,1146.49,1148.08,1138.0,1147.48,1147.48,1168000.0
175,1147.48,1147.48,1138.74,1142.75,1142.75,1070300.0
176,1143.08,1144.47,1135.08,1141.35,1141.35,1040300.0
177,1143.0,1146.89,1141.25,1145.1,1145.1,1045200.0
178,1146.95,1148.4,1137.0,1142.81,1142.81,1051600.0
179,1143.85,1144.41,1135.0,1139.65,1139.65,1046300.0
180,1139.5,1140.6,1129.65,1131.84,1131.84,1161200.0
181,1137.94,1141.88,1130.45,1139.19,1139.19,1046300.0
182,1143.84,1146.2,1141.12,1146.07,1146.07,1046600.0
183,1146.65,1146.85,1137.0,1142.85,1142.85,1055700.0
184,1144.95,1145.49,1137.0,1143.58,1143.58,1066300.0
185,1145.49,1145.49,1136.0,1140.11,1140.11,1034500.0
186,1141.38,1145.16,1139.46,1143.73,1143.73,1041600.0
187,1144.1,1146.17,1141.38,1144.84,1144.84,1051300.0
188,1146.49,1147.5,1140.2,1142.73,1142.73,1062100.0
189,1143.2,1144.96,1139.84,1142.59,1142.59,1034800.0
190,1143.68,1144.64,1135.35,1139.76,1139.76,1072100.0
191,1139.76,1141.0,1130.24,1134.15,1134.15,1082100.0
192,1135.5,1143.93,1133.27,1143.28,1143.28,1202100.0
193,1146.93,1148.4,1144.11,1147.08,1147.08,1070400.0
194,1147.08,1147.41,1137.46,1142.84,1142.84,1058400.0
195,1143.06,1148.0,1142.84,1145.91,1145.91,1060400.0
196,1146.92,1148.0,1140.27,1141.44,1141.44,1041600.0
197,1143.05,1144.87,1139.45,1142.02,1142.02,1046100.0
198,1142.57,1146.93,1142.02,1145.45,1145.45,1034800.0
199,1146.93,1148.08,1144.25,1147.48,1147.48,1051600.0
199,1147.48,1148.08,1142.57,1146.49,1146.49,1034500.0
200,1147.0,1147.0,1138.0,1144.71,1144.71,1063000.0
200,1144.71,1146.2,1142.11,1143.95,1143.95,827700.0
201,1146.97,1148.08,1146.2,1147.43,1147.43,860100.0
202,1147.43,1147.43,1138.82,1142.73,1142.73,820300.0
203,1143.08,1144.41,1138.0,1142.28,1142.28,815700.0
204,1143.95,1146.19,1139.43,1146.0,1146.0,794600.0
205,1146.88,1149.85,1146.0,1149.21,1149.21,770400.0
206,1149.21,1149.21,1143.15,1146.25,1146.25,630700.0
207,1146.25,1146.25,1139.38,1142.84,1142.84,718000.0
208,1142.84,1144.43,1137.62,1141.46,1141.46,670500.0
209,1141.46,1145.8,1141.46,1145.01,1145.01,510000.0
210,1145.01,1145.88,1137.3,1144.71,1144.71,660500.0
211,1144.71,1146.25,1141.8,1144.41,1144.41,480000.0
212,1145.49,1145.75,1139.14,1140.42,1140.42,360000.0
213,1141.4,1141.49,1135.05,1138.46,1138.46,419900.0
214,1137.5,1145.0,1137.0,1143.8,1143.8,3461100.0
215,1146.73,1147.8,1135.48,1139.71,1139.71,3155600.0
216,1139.5,1140.39,1127.48,1131.06,1131.06,2811700.0
217,1133.2,1136.14,1122.77,1124.85,1124.85,2931600.0
218,1125.6,1130.3,1118.3,1124.0,1124.0,2129000.0
219,1126.0,1131.25,1121.27,1129.48,1129.48,1718000.0
220,1133.25,1136.14,1127.22,1136.14,1136.14,1611300.0
221,1139.5,1141.0,1132.27,1134.85,1134.85,1585200.0
222,1139.5,1143.0,1137.0,1142.38,1142.38,1334600.0
223,1143.88,1146.47,1139.11,1140.28,1140.28,1071400.0
224,1142.0,1145.0,1139.27,1143.84,1143.84,1046300.0
225,1146.92,1148.49,1144.68,1148.0,1148.0,1046900.0
226,1147.94,1147.95,1138.0,1146.35,1146.35,1111100.0
227,1146.97,1147.22,1138.0,1146.0,1146.0,1046300.0
228,1146.0,1146.0,1138.0,1142.93,1142.93,1065200.0
229,1144.98,1145.49,1136.0,1142.46,1142.46,1125300.0
230,1143.98,1144.49,1137.42,1141.61,1141.61,1072100.0
231,1142.0,1145.0,1141.27,1143.84,1143.84,1063100.0
232,1144.49,1146.27,1141.61,1144.18,1144.18,1086700.0
233,1146.48,1147.65,1140.27,1141.46,1141.46,1070400.0
234,1143.0,1144.5,1138.0,1142.19,1142.19,1043300.0
235,1142.88,1146.93,1142.19,1145.85,1145.85,1060400.0
236,1146.0,1146.35,1137.11,1142.84,1142.84,1055200.0
237,1143.0,1148.97,1142.29,1144.42,1144.42,1062000.0
238,1146.97,1148.0,1140.27,1141.05,1141.05,1056700.0
239,1143.06,1144.42,1137.62,1141.83,1141.83,1062200.0
240,1142.0,1145.0,1141.57,1143.45,1143.45,1045100.0
241,1143.62,1144.47,1135.0,1139.38,1139.38,1101100.0
242,1139.38,1140.59,1130.57,1135.07,1135.07,1046400.0
243,1139.14,1143.93,1135.0,1143.0,1143.0,1063000.0
244,1143.85,1146.85,1139.5,1146.5,1146.5,1072100.0
245,1147.47,1147.72,1138.2,1142.88,1142.88,1082700.0
246,1143.97,1144.47,1135.0,1139.65,1139.65,1043100.0
247,1139.51,1141.71,1134.6,1136.14,1136.14,1046300.0
248,1137.45,1143.95,1136.0,1143.0,1143.0,1051600.0
249,1144.47,1146.2,1138.5,1146.09,1146.09,1066000.0
250,1146.87,1149.46,1146.0,1148.52,1148.52,820300.0
251,1147.96,1148.77,1138.9,1148.0,1148.0,1072900.0
252,1147.71,1147.94,1135.64,1144.11,1144.11,1305200.0
253,1146.9,1148.4,1132.6,1134.28,1134.28,1346100.0
254,1135.62,1143.81,1127.24,1139.43,1139.43,1341900.0
255,1141.91,1142.45,1125.66,1131.18,1131.18,1364600.0
256,1135.74,1146.89,1130.68,1146.55,1146.55,1374100.0
257,1146.55,1146.55,1134.35,1139.46,1139.46,1110300.0
258,1139.46,1141.0,1127.87,1131.26,1131.26,1094100.0
259,1131.26,1134.35,1123.48,1129.75,1129.75,1210600.0
260,1130.8,1139.55,1128.0,1138.59,1138.59,1266900.0
261,1143.7,1144.12,1125.34,1130.04,1130.04,1731600.0
262,1132.32,1134.65,1118.24,1123.48,1123.48,1426900.0
263,1129.18,1131.32,1105.56,1109.9,1109.9,1536300.0
264,1114.99,1124.99,1105.88,1111.02,1111.02,1334400.0
265,1116.32,1136.3,1110.27,1135.04,1135.04,1531600.0
266,1139.99,1159.37,1137.0,1151.84,1151.84,2129200.0
267,1155.0,1160.11,1142.44,1144.88,1144.88,1585100.0
268,1146.57,1146.57,1129.8,1132.81,1132.81,1622100.0
269,1134.75,1144.99,1131.6,1144.16,1144.16,1334400.0
270,1146.97,1146.97,1133.0,1137.08,1137.08,1072100.0
271,1139.11,1151.63,1138.0,1149.4,1149.4,1308200.0
272,1152.9,1157.45,1151.2,1154.5,1154.5,1210300.0
273,1156.16,1156.45,1141.15,1144.0,1144.0,1168000.0
274,1144.0,1144.0,1131.34,1139.04,1139.04,1234400.0
275,1139.14,1145.0,1132.27,1143.04,1143.04,1072100.0
276,1143.04,1148.0,1137.62,1147.85,1147.85,1063100.0
277,1147.85,1147.85,1137.45,1142.76,1142.76,1055700.0
278,1143.0,1148.18,1142.25,1145.91,1145.91,1051700.0
279,1145.91,1146.27,1137.58,1142.65,1142.65,1061700.0
280,1143.94,1146.18,1139.76,1140.62,1140.62,1041700.0
281,1143.45,1144.39,1135.0,1139.94,1139.94,1130300.0
282,1139.32,1140.69,1129.85,1139.85,1139.85,1071300.0
283,1141.0,1148.85,1140.05,1147.43,1147.43,1302200.0
284,1147.43,1148.49,1139.1,1140.58,1140.58,1110600.0
285,1143.07,1146.92,1142.48,1145.13,1145.13,1046300.0
286,1146.92,1148.49,1140.75,1143.09,1143.09,1051600.0
287,1143.09,1144.63,1137.62,1141.44,1141.44,1046700.0
288,1142.0,1145.2,1141.57,1143.46,1143.46,1046500.0
289,1143.46,1144.9,1138.64,1142.9,1142.9,1046600.0
290,1143.46,1148.0,1142.38,1145.95,1145.95,1046600.0
291,1145.95,1146.12,1137.39,1142.38,1142.38,1103000.0
292,1143.81,1146.55,1140.41,1141.16,1141.16,1074300.0
293,1141.16,1145.31,1139.5,1143.79,1143.79,1063100.0
294,1144.11,1146.17,1138.79,1145.3,1145.3,1074900.0
295,1147.15,1147.2,1137.23,1146.85,1146.85,1212900.0
296,1154.38,1154.38,1142.44,1144.88,1144.88,1511600.0
297,1144.88,1145.88,1133.26,1139.42,1139.42,1581200.0
298,1139.42,1144.74,1134.05,1134.62,1134.62,1302200.0
299,1137.5,1141.29,1127.62,1139.14,1139.14,1415200.0
300,1143.7,1146.17,1135.0,1141.52,1141.52,1366000.0
300,1144.69,1146.0,1138.0,1145.93,1145.93,1110300.0
301,1147.14,1147.75,1137.4,1146.14,1146.14,1020300.0
302,1146.75,1146.75,1137.1,1141.85,1141.85,1046300.0
303,1143.05,1148.76,1142.27,1143.88,1143.88,1045700.0
304,1146.49,1147.4,1142.27,1146.19,1146.19,1046400.0
305,1146.19,1146.49,1137.0,1142.62,1142.62,1103100.0
306,1142.62,1144.32,1136.68,1142.3,1142.3,1072100.0
307,1143.33,1144.32,1135.0,1142.13,1142.13,1056800.0
308,1143.88,1146.22,1139.44,1145.24,1145.24,1065700.0
309,1146.99,1148.49,1142.5,1143.25,1143.25,1033100.0
310,1143.25,1143.25,1134.62,1139.42,1139.42,1072100.0
311,1139.42,1144.98,1137.05,1144.32,1144.32,1060200.0
312,1144.32,1146.37,1141.81,1144.32,1144.32,1046800.0
313,1144.32,1146.0,1141.81,1144.32,1144.32,1033700.0
314,1144.32,1145.0,1136.94,1142.75,1142.75,1125700.0
315,1143.26,1144.32,1138.0,1142.44,1142.44,1075400.0
316,1143.26,1148.0,1142.77,1147.36,1147.36,1086700.0
317,1147.36,1147.36,1138.0,1144.73,1144.73,1063100.0
318,1144.73,1146.0,1139.35,1141.59,1141.59,1051400.0
319,1141.59,1146.89,1140.75,1145.0,1145.0,1066000.0
320,1145.0,1145.88,1137.16,1142.89,1142.89,1035300.0
321,1143.78,1144.65,1135.0,1139.18,1139.18,1111200.0
322,1139.18,1141.38,1130.68,1138.0,1138.0,1063100.0
323,1139.5,1140.49,1129.25,1139.84,1139.84,1072100.0
324,1141.0,1147.83,1140.05,1146.08,1146.08,1212100.0
325,1146.84,1147.43,1137.36,1142.84,1142.84,1180700.0
326,1142.84,1144.42,1137.06,1141.69,1141.69,1070300.0
327,1143.5,1144.89,1135.0,1139.66,1139.66,1212000.0
328,1139.66,1140.53,1129.18,1136.05,1136.05,1281100.0
329,1146.9,1147.12,1137.0,1144.71,1144.71,1334400.0
330,1144.71,1146.25,1138.5,1142.85,1142.85,1072100.0
331,1143.98,1145.4,1139.11,1143.79,1143.79,1064600.0
332,1145.0,1145.88,1137.16,1142.71,1142.71,1086300.0
333,1143.23,1144.12,1138.24,1142.54,1142.54,1034800.0
334,1142.54,1146.55,1140.08,1141.39,1141.39,1051400.0
335,1146.05,1146.52,1137.0,1142.85,1142.85,1066300.0
336,1143.85,1144.5,1135.0,1139.8,1139.8,1072100.0
337,1139.8,1140.27,1129.0,1137.31,1137.31,1110600.0
338,1139.58,1140.3,1127.48,1134.52,1134.52,1063100.0
340,1135.0,1144.99,1133.2,1144.18,1144.18,1212500.0
341,1146.99,1148.0,1137.61,1147.16,1147.16,1210600.0
342,1147.16,1147.75,1138.33,1146.05,1146.05,1046300.0
343,1146.5,1146.5,1137.19,1142.74,1142.74,1051600.0
344,1143.0,1148.75,1142.7,1146.08,1146.08,1063100.0
345,1146.55,1147.43,1137.0,1142.84,1142.84,1126200.0
346,1143.0,1148.37,1142.48,1143.8,1143.8,1066300.0
347,1143.8,1144.71,1135.0,1139.94,1139.94,1072100.0
348,1139.12,1141.38,1129.62,1131.05,1131.05,1056400.0
349,1135.1,1146.27,1132.14,1142.11,1142.11,1292300.0
350,1142.85,1143.15,1130.59,1135.0,1135.0,1163000.0
351,1136.35,1144.32,1130.24,1143.8,1143.8,1334400.0
352,1146.97,1148.45,1140.47,1141.99,1141.99,1100500.0
353,1142.99,1144.9,1137.4,1144.45,1144.45,1072100.0
354,1146.95,1146.95,1138.0,1142.38,1142.38,1212500.0
355,1144.44,1146.2,1139.14,1140.25,1140.25,1063100.0
356,1141.59,1142.4,1134.62,1139.38,1139.38,1046100.0
357,1143.0,1146.17,1141.81,1145.08,1145.08,1051400.0
358,1146.65,1147.47,1137.0,1142.84,1142.84,1066300.0
359,1143.0,1148.14,1142.25,1143.98,1143.98,1070400.0
360,1146.05,1146.55,1130.64,1139.08,1139.08,1325300.0
361,1144.05,1144.27,1135.0,1138.77,1138.77,1161100.0
362,1143.45,1144.9,1138.09,1144.85,1144.85,1040200.0
363,1144.85,1146.79,1137.0,1144.85,1144.85,1060000.0
364,1146.49,1147.48,1140.27,1141.99,1141.99,820300.0
365,1141.49,1142.26,1134.6,1138.52,1138.52,1041000.0
366,1142.72,1143.0,1135.05,1139.42,1139.42,1045500.0
367,1141.38,1148.5,1140.03,1147.0,1147.0,1041600.0
368,1147.77,1147.77,1138.0,1142.88,1142.88,1046800.0
369,1143.73,1144.41,1135.0,1139.58,1139.58,1034700.0
370,1139.11,1140.58,1130.34,1135.0,1135.0,1055200.0
371,1139.11,1145.0,1133.31,1141.31,1141.31,1062100.0
372,1144.91,1145.8,1136.17,1144.11,1144.11,1072300.0
373,1144.11,1144.12,1135.33,1139.85,1139.85,1051600.0
374,1141.39,1148.65,1140.0,1145.14,1145.14,1066000.0
375,1147.42,1147.42,1137.42,1142.5,1142.5,1036000.0
376,1143.82,1146.27,1139.44,1142.84,1142.84,1046600.0
377,1143.27,1148.0,1142.0,1145.93,1145.93,1051100.0
378,1146.89,1147.65,1137.45,1146.65,1146.65,1066000.0
379,1146.65,1146.89,1138.0,1142.85,1142.85,934600.0
380,1144.98,1145.15,1136.92,1142.72,1142.72,1082300.0
381,1143.0,1148.0,1142.17,1143.95,1143.95,1074300.0
382,1143.95,1143.95,1134.64,1138.39,1138.39,1040200.0
383,1136.49,1145.14,1135.0,1142.2,1142.2,1168000.0
384,1143.85,1144.8,1135.35,1139.76,1139.76,1041300.0
385,1139.76,1141.0,1129.65,1131.57,1131.57,1063100.0
386,1133.2,1136.49,1125.36,1132.43,1132.43,1072100.0
387,1132.43,1132.65,1123.83,1125.0,1125.0,1082100.0
388,1125.0,1127.25,1116.57,1121.32,1121.32,1121300.0
389,1125.0,1129.93,1123.0,1129.08,1129.08,1062000.0
390,1132.48,1137.0,1124.29,1129.19,1129.19,1212000.0
391,1131.0,1137.25,1129.16,1135.75,1135.75,1062300.0
392,1139.14,1141.88,1135.11,1141.14,1141.14,1070900.0
393,1142.0,1146.93,1142.0,1145.44,1145.44,1043100.0
394,1146.95,1147.8,1137.14,1147.51,1147.51,1065100.0
395,1148.49,1148.9,1137.25,1144.85,1144.85,1056100.0
396,1144.85,1146.77,1136.1,1142.72,1142.72,1065100.0
397,1143.0,1143.88,1135.0,1139.43,1139.43,1072100.0
398,1139.43,1144.99,1135.0,1144.32,1144.32,1082100.0
399,1144.32,1144.32,1135.8,1138.74,1138.74,827300.0
400,1137.0,1143.93,1136.0,1143.0,1143.0,860100.0
400,1143.93,1146.17,1138.52,1145.88,1145.88,800500.0
400,1145.88,1145.88,1139.1,1141.88,1141.88,794100.0
402,1141.88,1142.42,1133.0,1137.24,1137.24,1179900.0
403,1139.51,1144.99,1134.0,1144.05,1144.05,1182100.0
404,1144.95,1145.1,1136.1,1142.52,1142.52,1046300.0
405,1143.05,1148.65,1142.27,1146.48,1146.48,1046600.0
406,1146.48,1147.87,1137.0,1142.88,1142.88,1234400.0
407,1143.91,1144.93,1135.0,1139.74,1139.74,1046300.0
408,1141.39,1148.95,1140.0,1144.0,1144.0,1046600.0
409,1146.05,1147.5,1136.24,1142.9,1142.9,1162100.0
410,1144.95,1145.8,1137.2,1143.82,1143.82,1046600.0
411,1143.82,1146.2,1138.44,1145.78,1145.78,1051700.0
412,1146.49,1147.59,1138.0,1147.46,1147.46,1063800.0
413,1147.46,1147.46,1138.1,1142.74,1142.74,1036300.0
415,1142.74,1144.37,1134.62,1139.8,1139.8,1125200.0
415,1139.8,1140.58,1129.12,1137.06,1137.06,1212500.0
416,1139.14,1151.0,1137.56,1149.75,1149.75,1511000.0
417,1152.49,1157.8,1151.0,1156.85,1156.85,1302200.0
418,1157.42,1158.0,1148.26,1152.71,1152.71,1182100.0
419,1157.42,1157.71,1149.12,1152.2,1152.2,1046300.0
420,1154.93,1159.0,1153.41,1156.2,1156.2,1046500.0
421,1156.2,1156.2,1143.2,1145.24,1145.24,1334600.0
422,1145.24,1145.24,1134.4,1139.1,1139.1,1334100.0
423,1139.1,1143.36,1134.0,1136.51,1136.51,1161000.0
424,1137.5,1144.32,1136.01,1143.59,1143.59,1046300.0
425,1145.0,1145.88,1129.76,1136.52,1136.52,1431500.0
426,1135.0,1144.14,1133.11,1141.41,1141.41,1167000.0
428,1143.27,1146.18,1137.62,1143.88,1143.88,1046500.0
428,1142.35,1145.12,1139.44,1143.94,1143.94,1045800.0
428,1146.97,1148.41,1141.5,1147.09,1147.09,1051700.0
429,1147.09,1147.41,1137.0,1146.55,1146.55,1293300.0
430,1146.55,1146.55,1137.0,1142.33,1142.33,1279300.0
431,1143.95,1144.25,1135.35,1139.48,1139.48,1110600.0
432,1139.48,1141.0,1129.48,1130.42,1130.42,1084100.0
433,1134.0,1141.36,1130.74,1141.29,1141.29,1212000.0
434,1143.88,1146.18,1139.12,1140.65,1140.65,1046500.0
435,1144.11,1146.17,1139.11,1142.84,1142.84,1046600.0
436,1143.84,1143.85,1135.0,1139.46,1139.46,1046600.0
437,1141.0,1148.65,1140.59,1147.08,1147.08,1334400.0
438,1147.08,1147.21,1137.15,1138.0,1138.0,1161000.0
440,1136.65,1141.91,1127.0,1139.08,1139.08,1784100.0
441,1144.0,1144.0,1134.68,1138.74,1138.74,1411100.0
442,1136.49,1143.7,1132.3,1143.38,1143.38,1366000.0
443,1143.38,1146.17,1138.42,1145.88,1145.88,1110300.0
444,1146.94,1147.62,1137.2,1147.28,1147.28,1046300.0
445,1147.28,1147.59,1138.14,1142.86,1142.86,1062000.0
446,1143.94,1144.37,1135.0,1139.67,1139.67,1046300.0
447,1139.67,1140.48,1129.68,1139.76,1139.76,1121300.0
448,1143.86,1144.8,1135.0,1144.51,1144.51,1046300.0
449,1144.51,1146.5,1141.81,1144.12,1144.12,1046300.0
450,1144.12,1144.12,1133.27,1137.84,1137.84,1234500.0
451,1139.48,1144.9,1134.0,1135.88,1135.88,1187300.0
452,1139.52,1144.93,1137.07,1144.35,1144.35,1070400.0
453,1144.95,1145.65,1136.1,1142.2,1142.2,1046300.0
454,1142.2,1146.3,1139.2,1142.8,1142.8,1046600.0
455,1145.2,1145.2,1135.55,1137.39,1137.39,1111100.0
456,1135.72,1142.3,1130.74,1141.55,1141.55,1046300.0
457,1141.55,1147.17,1140.52,1141.81,1141.81,1063000.0
458,1142.32,1145.12,1139.14,1143.94,1143.94,1034500.0
459,1146.93,1147.8,1137.14,1147.51,1147.51,1111100.0
460,1149.12,1149.32,1141.82,1146.42,1146.42,1072100.0
461,1147.33,1147.73,1138.0,1142.84,1142.84,1065200.0
462,1143.89,1144.37,1135.35,1139.72,1139.72,1086300.0
463,1139.05,1140.37,1129.65,1139.74,1139.74,1070400.0
464,1141.74,1142.2,1133.06,1136.14,1136.14,1041700.0
465,1134.49,1141.81,1131.65,1141.09,1141.09,1046300.0
466,1141.5,1146.93,1141.09,1145.46,1145.46,1051600.0
467,1146.93,1147.85,1137.0,1147.0,1147.0,1066300.0
468,1147.48,1147.75,1138.13,1142.85,1142.85,1036100.0
471,1143.0,1148.16,1142.25,1145.8,1145.8,1063000.0
471,1146.93,1148.4,1137.19,1146.04,1146.04,1076300.0
472,1146.55,1146.8,1137.05,1142.62,1142.62,1060200.0
473,1143.0,1148.7,1142.27,1143.94,1143.94,1046300.0
474,1143.27,1144.68,1135.35,1139.43,1139.43,1046300.0
475,1139.43,1141.0,1129.48,1130.8,1130.8,1051600.0
476,1135.8,1146.83,1130.27,1146.54,1146.54,1559000.0
477,1152.79,1153.4,1137.16,1145.08,1145.08,1615100.0
478,1145.5,1146.37,1136.18,1142.34,1142.34,1384600.0
479,1143.0,1144.63,1135.0,1139.71,1139.71,1334400.0
479,1140.33,1141.91,1134.62,1138.54,1138.54,1162100.0
480,1139.05,1141.38,1135.06,1136.42,1136.42,1046500.0
481,1137.45,1144.32,1136.0,1143.88,1143.88,1073300.0
482,1144.32,1146.17,1138.54,1146.0,1146.0,1081700.0
483,1146.93,1147.8,1139.1,1147.0,1147.0,1060200.0
484,1147.0,1147.88,1139.12,1147.0,1147.0,1086700.0
485,1147.0,1147.88,1139.12,1147.0,1147.0,1063100.0
487,1147.0,1147.88,1139.12,1146.5,1146.5,1066700.0
487,1146.5,1146.5,1133.0,1137.08,1137.08,1509600.0
488,1139.14,1144.98,1132.49,1137.12,1137.12,1312000.0
489,1134.0,1141.39,1127.59,1138.13,1138.13,1292300.0
490,1139.0,1143.88,1136.18,1139.42,1139.42,1104600.0
492,1139.42,1140.5,1127.62,1131.84,1131.84,1064100.0
493,1131.84,1135.0,1126.6,1128.31,1128.31,1051400.0
494,1129.62,1134.0,1126.32,1133.37,1133.37,1052100.0
495,1133.37,1136.83,1128.42,1135.06,1135.06,1034100.0
496,1139.1,1141.36,1135.52,1140.01,1140.01,1063100.0
497,1142.03,1145.6,1139.51,1143.72,1143.72,1079300.0
498,1146.94,1147.8,1137.0,1147.0,1147.0,1302200.0
499,1153.44,1153.44,1144.5,1145.88,1145.88,1505100.0
499,1147.78,1147.78,1138.0,1142.12,1142.12,1334400.0
499,1142.12,1143.12,1136.11,1141.84,1141.84,1161100.0
499,1141.84,1146.0,1139.06,1145.93,1145.93,1046700.0
499,1145.93,1145.94,1137.06,1142.62,1142.62,1051700.0
500,1143.07,1148.76,1142.27,1143.94,1143.94,1063100.0
502,1143.22,1144.43,1135.36,1139.76,1139.76,1076400.0
503,1139.51,1141.0,1130.24,1134.15,1134.15,1111000.0
504,1135.0,1140.33,1128.43,1139.07,1139.07,1066300.0
505,1140.33,1145.88,1138.0,1144.5,1144.5,1072100.0
506,1146.49,1146.49,1137.14,1142.11,1142.11,1074600.0
507,1143.08,1148.22,1142.11,1143.65,1143.65,1040400.0
508,1145.48,1145.48,1136.86,1140.22,1140.22,1041700.0
509,1141.91,1145.25,1139.75,1143.84,1143.84,1066000.0
510,1144.98,1145.25,1136.11,1140.26,1140.26,1051700.0
511,1141.91,1142.48,1133.53,1135.0,1135.0,1063100.0
512,1136.42,1144.32,1134.05,1143.84,1143.84,1076300.0
513,1145.0,1145.88,1135.65,1139.8,1139.8,1041700.0
514,1140.27,1147.92,1139.4,1147.18,1147.18,1046300.0
515,1148.0,1148.0,1138.62,1147.08,1147.08,1062000.0
516,1147.8,1147.8,1138.0,1145.7,1145.7,934600.0
517,1146.2,1146.2,1139.0,1141.64,1141.64,1082700.0
518,1144.98,1145.25,1136.18,1142.11,1142.11,1063100.0
519,1143.38,1148.0,1142.75,1145.95,1145.95,860500.0
520,1146.9,1148.0,1137.62,1147.04,1147.04,1046500.0
521,1147.81,1147.81,1138.8,1146.05,1146.05,1073300.0
522,1146.55,1146.8,1137.14,1142.62,1142.62,1082700.0
523,1143.0,1148.0,1142.22,1145.96,1145.96,1063100.0
524,1146.05,1146.55,1137.0,1141.8,1141.8,1092100.0
525,1142.0,1145.0,1139.78,1143.73,1143.73,1070400.0
526,1144.0,1144.3,1135.8,1142.38,1142.38,1068000.0
527,1143.0,1146.93,1142.25,1145.28,1145.28,1056900.0
528,1146.94,1147.8,1137.0,1147.51,1147.51,1135200.0
529,1147.93,1147.94,1138.06,1144.84,1144.84,1073300.0
530,1144.84,1146.89,1143.59,1145.46,1145.46,1060500.0
531,1146.48,1147.0,1137.62,1140.8,1140.8,1212100.0
532,1141.48,1148.75,1140.5,1145.0,1145.0,1304200.0
533,1146.0,1146.3,1135.32,1141.8,1141.8,1334400.0
534,1141.39,1145.8,1140.45,1145.01,1145.01,1161600.0
535,1146.65,1146.8,1137.0,1142.88,1142.88,1040500.0
536,1143.88,1144.8,1135.0,1139.94,1139.94,1111100.0
537,1137.94,1143.75,1130.26,1142.25,1142.25,1509000.0
538,1143.75,1143.75,1136.1,1137.08,1137.08,1105000.0
539,1139.1,1141.38,1132.49,1134.06,1134.06,1072100.0
540,1134.06,1134.22,1125.38,1130.04,1130.04,1212100.0
541,1136.77,1143.84,1135.36,1143.08,1143.08,1511000.0
542,1145.28,1145.88,1137.1,1142.88,1142.88,1334400.0
543,1143.89,1146.55,1140.41,1141.15,1141.15,1161000.0
544,1142.88,1144.42,1136.24,1141.44,1141.44,1020300.0
545,1143.0,1146.17,1141.25,1144.29,1144.29,1045200.0
546,1146.49,1147.65,1140.27,1146.44,1146.44,1063100.0
547,1146.75,1146.75,1139.1,1142.85,1142.85,820300.0
548,1144.1,1144.38,1138.0,1142.48,1142.48,934600.0
549,1143.69,1144.68,1135.34,1139.75,1139.75,1041700.0
550,1139.75,1141.0,1130.24,1134.25,1134.25,1045300.0
551,1139.19,1145.0,1136.14,1143.36,1143.36,1063000.0
552,1143.36,1148.37,1143.28,1144.48,1144.48,805100.0
553,1146.47,1147.5,1137.0,1141.8,1141.8,1182100.0
554,1142.0,1145.0,1141.56,1143.84,1143.84,1046300.0
555,1145.28,1145.28,1137.0,1141.33,1141.33,1046300.0
556,1143.0,1144.41,1138.62,1142.81,1142.81,1051600.0
557,1143.27,1146.47,1140.28,1141.27,1141.27,1046400.0
558,1142.08,1145.0,1141.27,1143.78,1143.78,1045400.0
559,1144.0,1144.88,1135.33,1139.48,1139.48,1234900.0
560,1139.14,1140.66,1127.88,1131.14,1131.14,1334400.0
561,1135.35,1139.14,1126.17,1134.0,1134.0,1366000.0
562,1139.14,1143.11,1136.18,1142.7,1142.7,1110000.0
563,1143.27,1146.17,1139.42,1140.29,1140.29,1046300.0
564,1141.48,1145.95,1141.48,1145.12,1145.12,1051600.0
565,1146.9,1147.8,1137.0,1147.0,1147.0,1334100.0
566,1147.99,1147.99,1138.0,1144.78,1144.78,1292300.0
567,1144.78,1146.25,1136.15,1142.25,1142.25,1364600.0
568,1143.34,1144.5,1135.0,1141.61,1141.61,1334400.0
569,1143.27,1144.97,1138.62,1144.18,1144.18,1212100.0
570,1146.49,1146.5,1137.0,1142.75,1142.75,1334400.0
570,1143.81,1146.13,1139.44,1140.15,1140.15,1163000.0
571,1142.12,1145.13,1140.85,1144.19,1144.19,1046500.0
572,1144.19,1146.2,1138.52,1146.07,1146.07,1051600.0
573,1146.07,1146.59,1137.05,1142.65,1142.65,1187300.0
574,1143.85,1144.64,1135.0,1139.76,1139.76,1334400.0
575,1139.76,1141.0,1129.45,1134.77,1134.77,1334400.0
576,1134.77,1144.38,1133.0,1143.84,1143.84,1369300.0
577,1143.84,1146.19,1136.52,1142.11,1142.11,1334600.0
578,1142.11,1145.31,1142.0,1144.09,1144.09,1163100.0
579,1144.09,1144.28,1135.0,1138.44,1138.44,1330300.0
580,1137.05,1141.88,1134.62,1137.85,1137.85,1162100.0
581,1139.54,1140.5,1127.48,1131.38,1131.38,1330300.0
582,1134.09,1137.04,1126.78,1136.0,1136.0,1394100.0
583,1143.78,1144.42,1135.0,1139.46,1139.46,1511000.0
584,1141.91,1142.5,1133.27,1136.28,1136.28,1415100.0
585,1139.19,1141.0,1128.4,1131.84,1131.84,1415100.0
586,1137.45,1141.95,1135.22,1137.91,1137.91,1163000.0
587,1137.45,1144.1,1136.14,1143.38,1143.38,1072100.0
588,1145.14,1145.31,1135.63,1138.73,1138.73,1283100.0
589,1137.45,1142.69,1130.58,1137.89,1137.89,1334400.0
590,1139.5,1140.88,1126.6,1133.08,1133.08,1429300.0
591,1139.5,1144.99,1137.0,1144.08,1144.08,1334400.0
592,1144.49,1146.0,1138.2,1146.0,1146.0,1161000.0
593,1146.88,1149.85,1146.0,1148.49,1148.49,1072900.0
594,1147.94,1148.85,1138.0,1147.41,1147.41,1264600.0
595,1147.41,1147.41,1136.29,1142.82,1142.82,1387700.0
596,1143.27,1144.38,1135.0,1139.65,1139.65,1349900.0
597,1141.0,1148.3,1139.14,1147.08,1147.08,1349600.0
598,1147.32,1147.45,1137.0,1140.91,1140.91,1167400.0
599,1143.1,1146.14,1142.8,1144.19,1144.19,1070400.0
599,1146.49,1147.43,1137.16,1142.84,1142.84,1387300.0
599,1143.85,1146.18,1139.1,1140.6,1140.6,1234400.0
599,1143.06,1148.05,1142.2,1145.8,1145.8,1070500.0
599,1146.05,1146.5,1133.2,1137.24,1137.24,1441700.0
599,1139.2,1140.3,1128.0,1137.0,1137.0,1562100.0
599,1138.39,1145.0,1135.0,1143.36,1143.36,1350300.0
600,1144.0,1146.17,1138.52,1146.17,1146.17,1234400.0
600,1146.17,1146.81,1137.15,1142.47,1142.47,1072100.0
600,1142.47,1144.89,1139.48,1143.6,1143.6,1060500.0
600,1143.6,1144.89,1139.48,1142.72,1142.72,1060500.0
600,1142.72,1144.89,1140.42,1142.68,1142.68,1049500.0
600,1142.68,1143.0,1137.06,1137.67,1137.67,1051600.0
601,1139.5,1141.0,1132.4,1139.2,1139.2,1308400.0
602,1144.0,1144.0,1137.3,1143.08,1143.08,1234100.0
603,1143.69,1148.4,1142.01,1143.2,1143.2,1061400.0
604,1143.2,1143.2,1134.0,1137.81,1137.81,1070400.0
604,1139.59,1144.64,1134.05,1144.08,1144.08,1182200.0
605,1144.08,1144.27,1135.35,1139.7,1139.7,1046300.0
606,1141.91,1142.45,1133.05,1136.82,1136.82,1062100.0
606,1137.0,1141.95,1135.24,1139.49,1139.49,1043100.0
607,1141.25,1148.3,1140.05,1144.09,1144.09,1063100.0
609,1144.5,1146.12,1138.6,1146.01,1146.01,1051700.0
610,1146.5,1147.16,1138.0,1144.77,1144.77,1066300.0
610,1144.77,1145.48,1136.17,1142.85,1142.85,1072100.0
611,1143.85,1144.79,1135.0,1139.65,1139.65,1046300.0
612,1139.5,1140.5,1129.65,1131.81,1131.81,1056200.0
613,1135.8,1146.27,1130.66,1144.48,1144.48,1334600.0
614,1148.0,1149.0,1144.27,1148.52,1148.52,1161600.0
615,1147.92,1147.92,1133.45,1137.86,1137.86,1515100.0
616,1136.33,1144.79,1132.45,1143.59,1143.59,1364000.0
617,1143.59,1146.15,1138.4,1145.85,1145.85,1100300.0
618,1146.48,1147.65,1137.0,1141.6,1141.6,1212000.0
619,1142.85,1144.41,1136.87,1142.62,1142.62,1046500.0
620,1143.95,1144.41,1135.35,1139.65,1139.65,1046300.0
621,1139.65,1140.5,1129.65,1131.75,1131.75,1063100.0
622,1137.76,1142.24,1130.55,1141.89,1141.89,1072100.0
623,1141.0,1148.04,1140.55,1146.05,1146.05,1060200.0
624,1146.65,1147.15,1137.0,1144.75,1144.75,1182200.0
625,1144.75,1145.6,1136.17,1142.11,1142.11,1046300.0
626,1143.48,1148.0,1142.85,1146.93,1146.93,1046600.0
627,1146.93,1148.0,1137.62,1147.16,1147.16,1051700.0
628,1147.16,1147.16,1136.11,1137.18,1137.18,1062100.0
629,1139.14,1141.88,1127.59,1131.04,1131.04,1329300.0
630,1136.32,1143.91,1129.36,1143.36,1143.36,1362100.0
631,1146.94,1146.94,1137.0,1141.31,1141.31,1212500.0
631,1143.0,1144.32,1134.62,1135.8,1135.8,1110300.0
632,1137.5,1144.5,1135.07,1143.63,1143.63,1033200.0
633,1143.63,1146.15,1138.5,1145.75,1145.75,1063300.0
634,1146.55,1147.6,1137.14,1142.25,1142.25,1072100.0
635,1143.9,1144.52,1135.0,1139.94,1139.94,1056400.0
636,1141.31,1141.44,1134.62,1137.88,1137.88,1062100.0
637,1136.49,1144.32,1135.04,1143.84,1143.84,1034100.0
638,1143.84,1146.2,1136.11,1142.2,1142.2,1041100.0
639,1142.2,1145.13,1141.59,1143.79,1143.79,1051700.0
640,1145.1,1145.89,1137.0,1145.27,1145.27,1066700.0
641,1146.97,1148.49,1144.21,1147.03,1147.03,1072900.0
642,1147.49,1148.0,1138.06,1147.41,1147.41,1054200.0
643,1145.05,1145.88,1137.31,1142.84,1142.84,1125700.0
644,1144.52,1146.25,1141.81,1144.48,1144.48,1073800.0
645,1146.49,1147.43,1137.0,1146.04,1146.04,1212900.0
646,1151.79,1153.0,1142.48,1144.84,1144.84,1551600.0
647,1146.57,1148.49,1134.4,1137.2,1137.2,1582200.0
648,1139.46,1140.56,1127.57,1135.0,1135.0,1372100.0
649,1139.18,1143.78,1135.52,1143.01,1143.01,1234400.0
650,1144.57,1146.18,1138.6,1145.85,1145.85,1041700.0
651,1146.97,1148.49,1146.2,1147.24,1147.24,1043100.0
652,1147.22,1147.79,1138.0,1146.04,1146.04,1187300.0
653,1146.55,1146.8,1137.14,1142.75,1142.75,1046300.0
654,1143.78,1144.32,1135.35,1139.76,1139.76,1187300.0
655,1139.52,1140.5,1128.7,1134.75,1134.75,1111600.0
656,1137.32,1144.32,1136.0,1143.88,1143.88,1046400.0
657,1143.88,1146.2,1135.35,1139.48,1139.48,1051600.0
658,1141.98,1145.16,1139.18,1143.91,1143.91,1062100.0
659,1144.93,1145.43,1135.35,1142.05,1142.05,1212100.0
660,1143.05,1146.77,1142.2,1144.5,1144.5,1210600.0
661,1146.49,1147.5,1137.14,1142.75,1142.75,1110000.0
662,1143.2,1144.39,1135.15,1139.8,1139.8,1023100.0
663,1139.8,1140.5,1129.69,1139.81,1139.81,1072100.0
664,1141.0,1147.77,1140.05,1145.48,1145.48,1060200.0
665,1146.49,1147.5,1137.0,1142.92,1142.92,1046100.0
666,1143.88,1146.49,1139.48,1142.75,1142.75,1045100.0
667,1143.88,1146.49,1139.48,1142.75,1142.75,1045100.0
668,1143.0,1143.88,1135.0,1139.18,1139.18,1033400.0
669,1139.18,1141.0,1130.43,1134.05,1134.05,1062000.0
670,1137.45,1141.95,1136.0,1139.9,1139.9,1073300.0
671,1141.7,1142.49,1135.0,1137.49,1137.49,1073300.0
672,1139.55,1140.5,1129.66,1139.84,1139.84,1202300.0
673,1144.99,1145.25,1135.35,1142.64,1142.64,1334200.0
674,1143.88,1146.49,1140.5,1144.62,1144.62,1161600.0
675,1144.62,1146.0,1138.5,1140.8,1140.8,1046100.0
676,1142.0,1145.0,1139.2,1143.7,1143.7,1051100.0
