Temperature,Humidity,Wind_Speed,general_diffuse_flows,diffuse_flows,Zone_1_Power_Consumption,Zone_2_Power_Consumption,Zone_3_Power_Consumption
10.302858,47.36668,0.08501255,0.011,0.033,29350.36,18268.27,18805.492
10.302858,47.235435,0.08501255,0.011,0.033,28514.973,17774.885,18302.52
10.302858,47.235435,0.08394319,0.011,0.033,27958.049,17422.459,17871.406
10.201335,47.36668,0.08302658,0.011,0.033,27540.363,17140.523,17584.0
10.15057,47.629154,0.08394319,0.011,0.033,27122.662,16929.076,17224.742
10.201335,48.1541,0.08592917,0.011,0.033,27122.662,16647.139,17009.182
10.049047,47.49791,0.08501255,0.011,0.033,26704.979,16576.65,16793.63
10.049047,47.36668,0.08501255,0.011,0.033,26565.736,16435.682,16362.518
10.049047,47.629154,0.08501255,0.011,0.033,26844.2,16788.107,16075.108
10.049047,47.76038,0.08409594,0.011,0.033,26844.2,16576.65,15859.548
9.947524,45.13566,0.08501255,0.011,0.033,26983.44,16576.65,15572.139
9.744478,45.398132,0.08394319,0.011,0.033,26983.44,16647.139,15500.291
9.795237,46.710495,0.08501255,0.011,0.033,26704.979,16717.617,15500.291
9.693713,47.76038,0.08394319,0.011,0.033,26426.516,16788.107,15356.587
9.541432,47.76038,0.08501255,0.011,0.033,26426.516,16929.076,15428.435
9.490667,48.285328,0.08699854,0.011,0.033,26287.275,16717.617,15428.435
9.389145,49.072746,0.08501255,0.011,0.033,26426.516,16999.555,15428.435
9.439909,47.76038,0.08501255,0.011,0.033,26148.053,16788.107,15069.179
9.2876215,48.1541,0.085470855,0.011,0.033,26287.275,16435.682,14997.321
9.236863,47.891624,0.08394319,0.011,0.033,26565.736,16788.107,14638.057
9.084576,48.810272,0.08562364,0.011,0.033,26983.44,16858.586,14350.647
9.033817,47.36668,0.08501255,0.011,0.033,26704.979,16858.586,14206.943
8.932294,47.629154,0.08501255,0.011,0.033,26983.44,16858.586,14350.647
8.983052,47.36668,0.08562364,0.011,0.033,28654.213,16858.586,14278.8
8.932294,47.49791,0.08394319,0.011,0.033,28932.676,16788.107,14350.647
8.932294,48.1541,0.08592917,0.011,0.033,29211.139,16858.586,14350.647
8.88153,47.629154,0.08501255,0.011,0.033,29071.896,16858.586,14278.8
8.88153,47.104206,0.08501255,0.011,0.033,28375.75,16717.617,13703.982
8.88153,46.841736,0.08592917,0.011,0.033,29071.896,16506.172,13416.574
9.084576,45.923077,0.08501255,0.011,0.033,28514.973,16435.682,13560.278
8.983052,44.348244,0.08501255,0.011,0.033,28097.29,16435.682,13632.126
8.983052,44.08577,0.08501255,0.011,0.033,27679.586,16365.202,13703.982
9.033817,42.904636,0.08501255,0.011,0.033,28097.29,16365.202,13560.278
9.186098,43.167107,0.08501255,0.011,0.033,28654.213,16294.713,13560.278
9.236863,42.37969,0.08592917,0.011,0.033,27679.586,16365.202,13775.83
9.541432,42.11722,0.08501255,0.011,0.033,28097.29,16365.202,13703.982
9.338387,42.773407,0.084707014,0.011,0.033,27679.586,16435.682,13775.83
9.338387,42.11722,0.08501255,0.011,0.033,27261.902,16435.682,13847.687
9.2876215,41.723522,0.08592917,0.011,0.033,27818.826,16576.65,13847.687
9.439909,41.985992,0.08577639,0.011,0.033,28375.75,16294.713,13919.534
9.642956,41.06733,0.08592917,0.011,0.033,27261.902,16083.267,13991.392
9.744478,39.88621,0.08501255,0.011,0.033,27540.363,16153.746,14135.096
9.693713,38.573853,0.08501255,0.011,0.033,27401.125,16083.267,14278.8
9.642956,38.04891,0.08592917,0.011,0.033,26983.44,16083.267,14278.8
9.795237,38.442608,0.08501255,0.011,0.033,27122.662,16435.682,14206.943
9.592191,37.523964,0.08592917,0.011,0.033,26565.736,16435.682,14350.647
9.693713,37.523964,0.08501255,0.011,0.033,26704.979,16435.682,14135.096
9.592191,38.31138,0.08501255,0.011,0.033,26704.979,16294.713,13991.392
9.592191,38.70508,0.08684578,0.011,0.033,26844.2,16224.233,13919.534
9.795237,39.492496,0.086540245,0.011,0.033,26704.979,16294.713,13919.534
9.89676,40.936104,0.08592917,0.011,0.033,26426.516,16153.746,13847.687
9.744478,41.854748,0.08501255,0.011,0.033,26287.275,16224.233,13991.392
9.89676,43.03588,0.08501255,0.011,0.033,26426.516,16153.746,13991.392
9.947524,43.29835,0.08394319,0.011,0.033,26565.736,16083.267,13919.534
9.744478,42.642162,0.08592917,0.011,0.033,26983.44,16012.777,13703.982
9.846002,42.773407,0.08501255,0.011,0.033,27122.662,16012.777,13488.422
9.947524,42.510937,0.08608193,0.011,0.033,27122.662,16012.777,13488.422
9.846002,42.642162,0.08562364,0.011,0.033,26844.2,16012.777,13919.534
9.693713,42.642162,0.08501255,0.011,0.033,26565.736,16012.777,14063.239
9.389145,43.167107,0.08531808,0.011,0.033,26148.053,16012.777,13919.534
9.541432,44.873184,0.08424872,0.011,0.033,26148.053,16153.746,13991.392
9.389145,46.710495,0.08501255,0.011,0.033,26426.516,16294.713,13775.83
9.389145,48.1541,0.08592917,0.011,0.033,26287.275,16153.746,13560.278
9.2876215,48.679043,0.08592917,0.011,0.033,26287.275,16224.233,13703.982
9.250934,48.204674,0.085084386,0.011,0.033,26317.848,16244.89,13901.566
9.250934,48.204674,0.085084386,0.011,0.033,26317.848,16126.854,13766.842
9.157122,47.95124,0.085084386,0.011,0.033,26317.848,16244.89,13856.657
9.110213,47.571087,0.085084386,0.011,0.033,26317.848,16244.89,13811.753
9.063311,47.697807,0.085957624,0.011,0.033,26427.787,16362.928,13901.566
9.016402,46.937515,0.085957624,0.011,0.033,26537.709,16362.928,13632.123
8.9695,47.317657,0.085084386,0.011,0.033,26757.57,16421.95,13721.9375
8.9695,48.204674,0.085084386,0.011,0.033,26647.648,16421.95,13677.027
8.92259,48.204674,0.085084386,0.011,0.033,26867.51,16539.986,13721.9375
8.92259,48.33138,0.08522994,0.011,0.033,27527.092,16539.986,13721.9375
8.92259,48.584812,0.085084386,0.011,0.033,27856.875,16421.95,13766.842
8.875688,48.711536,0.085957624,0.011,0.033,28186.674,16480.963,13766.842
8.875688,49.091675,0.085957624,0.011,0.033,27856.875,16362.928,13721.9375
8.875688,48.584812,0.085957624,0.011,0.033,28186.674,16244.89,13766.842
8.828779,48.07795,0.085084386,0.011,0.033,27417.154,16303.912,13811.753
8.828779,47.317657,0.085084386,0.011,0.033,27527.092,16303.912,13856.657
8.828779,47.064224,0.085084386,0.011,0.033,27637.016,16303.912,13766.842
8.828779,46.810795,0.085084386,0.011,0.033,27527.092,16303.912,13721.9375
8.828779,46.30393,0.08537547,0.011,0.033,27417.154,16303.912,13766.842
8.875688,47.064224,0.085084386,0.011,0.033,27417.154,16421.95,13856.657
8.92259,47.190945,0.085084386,0.011,0.033,27637.016,16421.95,13766.842
8.9695,47.571087,0.085084386,0.011,0.033,27307.23,16480.963,13856.657
9.063311,47.82452,0.085084386,0.011,0.033,27637.016,16480.963,13901.566
9.016402,47.444378,0.085084386,0.011,0.033,27307.23,16599.002,13856.657
8.9695,46.557358,0.08581209,0.011,0.033,27087.37,16658.023,13901.566
9.110213,47.064224,0.085084386,0.011,0.033,27307.23,16599.002,13856.657
9.110213,46.177223,0.085084386,0.011,0.033,27307.23,16717.04,13901.566
9.250934,46.177223,0.085084386,0.011,0.033,27197.293,16776.062,13856.657
9.344745,47.190945,0.085957624,0.011,0.033,27087.37,16539.986,13901.566
9.344745,46.430653,0.085084386,0.011,0.033,26757.57,16421.95,13766.842
9.532368,46.557358,0.085957624,0.011,0.033,26757.57,16658.023,13766.842
9.532368,47.317657,0.085084386,0.011,0.033,26757.57,16599.002,13766.842
9.532368,47.317657,0.085957624,0.011,0.033,26757.57,16717.04,13856.657
9.673088,47.571087,0.085084386,0.011,0.033,26427.787,16421.95,13856.657
9.719991,47.571087,0.085084386,0.011,0.033,26427.787,16421.95,13766.842
9.860711,47.95124,0.085084386,0.011,0.033,26427.787,16421.95,13856.657
9.766899,47.571087,0.085084386,0.011,0.033,26427.787,16185.876,13901.566
9.813802,47.82452,0.085084386,0.011,0.033,26427.787,16126.854,13901.566
9.907614,47.697807,0.085084386,0.011,0.033,26317.848,16126.854,13856.657
9.954522,46.557358,0.085084386,0.011,0.033,26097.988,16185.876,13901.566
9.954522,47.190945,0.085084386,0.011,0.033,26317.848,16185.876,13991.382
9.860711,47.190945,0.085084386,0.011,0.033,26097.988,16126.854,13766.842
9.813802,47.190945,0.085084386,0.011,0.033,26317.848,16126.854,13856.657
9.766899,46.557358,0.085084386,0.011,0.033,26317.848,16244.89,13901.566
9.813802,47.064224,0.085084386,0.011,0.033,26207.926,16303.912,13901.566
9.766899,47.317657,0.085084386,0.011,0.033,26317.848,16185.876,13901.566
9.673088,47.571087,0.085084386,0.011,0.033,26207.926,16362.928,13901.566
9.673088,47.444378,0.085084386,0.011,0.033,26317.848,16362.928,13991.382
9.626179,47.95124,0.085084386,0.011,0.033,25988.064,16480.963,13901.566
9.532368,47.95124,0.085084386,0.011,0.033,26097.988,16421.95,13901.566
9.438557,46.810795,0.085084386,0.011,0.033,25988.064,16421.95,13901.566
9.344745,46.557358,0.085084386,0.011,0.033,26317.848,16421.95,13991.382
9.344745,46.937515,0.085084386,0.011,0.033,26427.787,16480.963,13901.566
9.250934,46.557358,0.085084386,0.011,0.033,26317.848,16480.963,13991.382
9.204024,46.557358,0.085084386,0.011,0.033,26537.709,16539.986,13901.566
9.157122,45.92379,0.085084386,0.011,0.033,26867.51,16658.023,13856.657
9.063311,46.177223,0.085084386,0.011,0.033,27746.951,16599.002,13901.566
9.016402,46.0505,0.085084386,0.011,0.033,27307.23,16599.002,13991.382
9.016402,45.797066,0.085084386,0.011,0.033,27966.812,16599.002,13901.566
8.9695,45.67036,0.085084386,0.011,0.033,27856.875,16599.002,13901.566
8.9695,45.67036,0.085084386,0.011,0.033,27966.812,16362.928,13901.566
8.92259,44.78334,0.085084386,0.011,0.033,27966.812,16362.928,13901.566
8.828779,43.76962,0.085084386,0.011,0.033,28186.674,16362.928,13856.657
8.828779,43.262756,0.085084386,0.011,0.033,28076.736,16303.912,13856.657
8.832846,42.965145,0.0850537,0.011,0.033,27971.193,16281.196,13860.372
8.832846,42.689877,0.0850537,0.011,0.033,27876.096,16281.196,13860.372
8.832846,42.689877,0.0850537,0.011,0.033,27971.193,16281.196,13804.593
8.832846,42.689877,0.0850537,0.011,0.033,27876.096,16382.284,13860.372
8.832846,42.414608,0.0850537,0.011,0.033,27876.096,16432.826,13860.372
8.832846,42.001694,0.0850537,0.011,0.033,27780.984,16483.373,13860.372
8.832846,42.001694,0.0850537,0.011,0.033,27780.984,16483.373,13860.372
8.832846,41.864067,0.0850537,0.011,0.033,27780.984,16584.46,13860.372
8.877535,41.038258,0.0850537,0.011,0.033,27495.678,16584.46,13888.26
8.922218,40.90061,0.0850537,0.011,0.033,27590.775,16533.914,13888.26
8.922218,40.762985,0.0850537,0.011,0.033,27400.566,16533.914,13860.372
8.9669075,39.937176,0.0850537,0.011,0.033,27400.566,16584.46,13888.26
9.011592,39.79953,0.0850537,0.011,0.033,27305.469,16533.914,13888.26
9.056281,39.386635,0.0850537,0.011,0.033,27305.469,16533.914,13860.372
9.145656,39.248993,0.0850537,0.011,0.033,27210.357,16584.46,13888.26
9.190339,39.52426,0.0850537,0.011,0.033,27020.148,16635.0,13944.038
9.235029,39.52426,0.0850537,0.011,0.033,26925.05,16584.46,13860.372
9.324402,39.52426,0.0850537,0.011,0.033,26734.84,16533.914,13860.372
9.413775,39.937176,0.0850537,0.011,0.033,26639.73,16483.373,13860.372
9.503149,41.17588,0.0850537,0.011,0.033,26639.73,16483.373,13860.372
9.592523,42.001694,0.0850537,0.011,0.033,26734.84,16281.196,13804.593
9.681895,42.139336,0.0850537,0.011,0.033,26544.617,16281.196,13860.372
9.77127,41.451153,0.0850537,0.011,0.033,26639.73,16281.196,13860.372
9.77127,41.72642,0.0850537,0.011,0.033,26639.73,16230.649,13888.26
9.815959,41.72642,0.0850537,0.011,0.033,26544.617,16230.649,13860.372
9.815959,41.588795,0.0850537,0.011,0.033,26449.521,16230.649,13860.372
9.860643,42.001694,0.0850537,0.011,0.033,26354.408,16180.102,13860.372
9.860643,42.139336,0.0850537,0.011,0.033,26354.408,16180.102,13860.372
9.860643,44.066227,0.0850537,0.011,0.033,26449.521,16281.196,13860.372
9.815959,45.717846,0.0850537,0.011,0.033,26449.521,16331.737,13776.701
9.815959,46.818928,0.0850537,0.011,0.033,26544.617,16382.284,13860.372
9.77127,47.644737,0.0850537,0.011,0.033,26354.408,16382.284,13860.372
9.77127,47.50711,0.0850537,0.011,0.033,26449.521,16382.284,13860.372
9.681895,47.782383,0.0850537,0.011,0.033,26449.521,16432.826,13888.26
9.681895,47.50711,0.0850537,0.011,0.033,26449.521,16483.373,13804.593
9.637212,47.231842,0.0850537,0.011,0.033,26639.73,16483.373,13776.701
9.547839,47.231842,0.0850537,0.011,0.033,26354.408,16432.826,13776.701
9.413775,47.231842,0.0850537,0.011,0.033,26544.617,16483.373,13888.26
9.369091,47.50711,0.0850537,0.011,0.033,26639.73,16483.373,13860.372
9.324402,47.50711,0.0850537,0.011,0.033,26734.84,16533.914,13860.372
9.279717,47.782383,0.0850537,0.011,0.033,27115.26,16483.373,13860.372
9.190339,47.782383,0.0850537,0.011,0.033,27590.775,16483.373,13860.372
9.190339,48.195282,0.0850537,0.011,0.033,27780.984,16483.373,13804.593
9.1009655,48.195282,0.0850537,0.011,0.033,27590.775,16483.373,13860.372
9.056281,47.92001,0.0850537,0.011,0.033,27876.096,16382.284,13888.26
9.011592,47.50711,0.0850537,0.011,0.033,27971.193,16230.649,13860.372
8.9669075,47.231842,0.0850537,0.011,0.033,27876.096,16230.649,13860.372
8.9669075,46.543655,0.0850537,0.011,5.8249183,27876.096,16230.649,13860.372
8.922218,46.268387,0.0850537,0.011,5.8249183,27780.984,16230.649,13832.481
8.877535,46.6813,0.0850537,0.011,5.8249183,27971.193,16230.649,13748.812
8.877535,46.268387,0.0850537,0.011,5.8249183,27780.984,16230.649,13776.701
8.877535,46.543655,0.0850537,0.011,11.616082,27780.984,16382.284,13776.701
8.832846,46.6813,0.0850537,0.011,11.616082,27876.096,16331.737,13832.481
8.832846,47.231842,0.0850537,0.011,11.616082,27780.984,16382.284,13804.593
8.832846,47.644737,0.0850537,0.011,11.616082,27590.775,16432.826,13832.481
8.832846,47.644737,0.0850537,0.011,11.616082,27685.887,16533.914,13776.701
8.832846,47.644737,0.08520224,0.011,17.408,27590.775,16533.914,13804.593
8.832846,47.50711,0.0850537,0.011,40.57417,27685.887,16533.914,13804.593
8.832846,47.094196,0.0850537,0.011,127.44691,27590.775,16533.914,13860.372
8.877535,46.818928,0.0850537,0.011,272.23584,27590.775,16584.46,13804.593
8.832846,46.95657,0.0850537,0.011,503.8975,27495.678,16533.914,13888.26
8.877535,46.818928,0.0850537,0.011,584.97906,27210.357,16533.914,13804.593
8.922218,47.231842,0.0850537,0.011,666.06067,27210.357,16533.914,13776.701
8.922218,46.95657,0.0850537,0.011,706.6018,27115.26,16483.373,13776.701
8.954566,47.08486,0.08500287,0.011,562.5373,27160.195,16462.395,13790.562
8.9981365,47.338566,0.08500287,0.011,562.5373,26965.129,16462.395,13818.557
9.041703,47.338566,0.08500287,0.011,562.5373,26867.592,16462.395,13818.557
9.128848,47.465424,0.08500287,0.011,562.5373,26770.062,16462.395,13818.557
9.172414,47.592262,0.08500287,0.011,562.5373,26867.592,16309.006,13818.557
9.259553,47.338566,0.08500287,0.011,562.5373,26672.525,16309.006,13818.557
9.34669,46.831165,0.08500287,0.011,562.5373,26574.998,16257.873,13818.557
9.433829,46.704323,0.08500287,0.011,562.5373,26574.998,16206.748,13818.557
9.477402,46.704323,0.08500287,0.011,562.5373,26379.932,16206.748,13846.547
9.564539,46.57747,0.08500287,0.011,562.5373,26379.932,16206.748,13846.547
9.651678,46.704323,0.08500287,0.011,562.5373,26282.393,16206.748,13818.557
9.738816,46.958023,0.08500287,0.011,562.5373,26379.932,16257.873,13790.562
9.782383,47.338566,0.08500287,0.011,562.5373,26282.393,16309.006,13818.557
9.825954,47.592262,0.08500287,0.011,562.5373,26184.865,16360.138,13818.557
9.825954,48.099663,0.08500287,0.011,562.5373,26282.393,16360.138,13818.557
9.825954,47.97282,0.08500287,0.011,562.5373,26282.393,16411.264,13818.557
9.86952,47.845963,0.08500287,0.011,562.5373,26087.328,16462.395,13818.557
9.86952,47.592262,0.08500287,0.011,562.5373,26184.865,16462.395,13818.557
9.825954,47.21172,0.08500287,0.011,562.5373,26184.865,16462.395,13846.547
9.825954,46.958023,0.08500287,0.011,562.5373,26087.328,16462.395,13818.557
9.825954,47.08486,0.08500287,0.011,562.5373,26087.328,16462.395,13818.557
9.782383,46.831165,0.08500287,0.011,562.5373,26184.865,16462.395,13818.557
9.738816,46.831165,0.08500287,0.011,562.5373,26184.865,16513.52,13818.557
9.695244,46.323765,0.08500287,0.011,562.5373,26184.865,16564.652,13818.557
9.651678,46.57747,0.08500287,0.011,562.5373,26184.865,16564.652,13818.557
9.564539,46.196926,0.08500287,0.011,562.5373,26184.865,16513.52,13818.557
9.5209675,46.450623,0.08500287,0.011,562.5373,26282.393,16462.395,13818.557
9.433829,46.323765,0.08500287,0.011,562.5373,26477.459,16462.395,13846.547
9.390263,45.689526,0.08500287,0.011,562.5373,26477.459,16360.138,13818.557
9.303124,44.67473,0.08500287,0.011,562.5373,26770.062,16309.006,13818.557
9.259553,43.786774,0.08500287,0.011,562.5373,26770.062,16257.873,13818.557
9.172414,43.279373,0.08500287,0.011,562.5373,26965.129,16257.873,13846.547
9.128848,42.89882,0.08500287,0.011,562.5373,27062.67,16206.748,13846.547
9.041703,42.518276,0.08500287,0.011,562.5373,27355.262,16206.748,13818.557
8.9981365,42.64512,0.08500287,0.011,562.5373,27452.8,16257.873,13818.557
8.9981365,42.26458,0.08500287,0.011,562.5373,27452.8,16309.006,13818.557
8.954566,42.39142,0.08500287,0.011,562.5373,27647.867,16360.138,13818.557
8.954566,42.26458,0.08500287,0.011,562.5373,27550.328,16411.264,13818.557
8.910999,42.137722,0.08500287,0.011,562.5373,27745.395,16411.264,13818.557
8.867427,41.75718,0.08500287,0.011,562.5373,27647.867,16462.395,13818.557
8.867427,41.24978,0.08500287,0.011,562.5373,27842.934,16462.395,13818.557
8.82386,40.996082,0.08514995,0.011,562.5373,27745.395,16462.395,13818.557
8.82386,40.48868,0.08500287,0.011,562.5373,27647.867,16513.52,13818.557
8.82386,40.23498,0.08500287,0.011,562.5373,27745.395,16513.52,13818.557
8.82386,39.981285,0.08500287,0.011,562.5373,27550.328,16513.52,13818.557
8.82386,39.854427,0.08500287,0.011,562.5373,27550.328,16513.52,13818.557
8.82386,39.854427,0.08500287,0.011,562.5373,27452.8,16513.52,13818.557
8.82386,39.981285,0.08500287,0.011,562.5373,27452.8,16564.652,13818.557
8.82386,39.854427,0.08500287,0.011,562.5373,27452.8,16513.52,13818.557
8.867427,40.108124,0.08500287,0.011,562.5373,27355.262,16513.52,13790.562
8.867427,40.48868,0.08500287,0.011,562.5373,27355.262,16462.395,13818.557
8.867427,41.12292,0.08500287,0.011,562.5373,27257.736,16462.395,13846.547
8.910999,42.010876,0.08500287,0.011,562.5373,27160.195,16360.138,13846.547
8.910999,42.26458,0.08500287,0.011,562.5373,27062.67,16309.006,13846.547
8.954566,41.75718,0.08500287,0.011,562.5373,26965.129,16309.006,13818.557
8.9981365,41.75718,0.08500287,0.011,562.5373,26770.062,16257.873,13818.557
9.041703,41.63032,0.08500287,0.011,562.5373,26770.062,16257.873,13846.547
9.128848,41.884018,0.08500287,0.011,562.5373,26672.525,16257.873,13818.557
9.172414,42.137722,0.08500287,0.011,562.5373,26672.525,16257.873,13818.557
9.259553,42.518276,0.08500287,0.011,562.5373,26477.459,16257.873,13790.562
9.34669,44.167313,0.08500287,0.011,562.5373,26574.998,16257.873,13818.557
9.433829,45.562668,0.08500287,0.011,562.5373,26477.459,16360.138,13818.557
9.5209675,47.08486,0.08500287,0.011,562.5373,26477.459,16411.264,13790.562
9.608106,47.592262,0.08500287,0.011,562.5373,26477.459,16462.395,13818.557
9.646151,47.756535,0.08495803,0.011,561.07947,26371.145,16477.78,13806.781
9.68968,47.883614,0.08495803,0.011,561.07947,26371.145,16477.78,13806.781
9.776743,47.629444,0.08495803,0.011,561.07947,26371.145,16528.652,13806.781
9.820277,47.37527,0.08495803,0.011,561.07947,26275.172,16528.652,13806.781
9.820277,47.248196,0.08495803,0.011,561.07947,26275.172,16528.652,13806.781
9.820277,47.37527,0.08495803,0.011,561.07947,26275.172,16528.652,13806.781
9.820277,47.37527,0.08495803,0.011,561.07947,26275.172,16528.652,13806.781
9.820277,47.37527,0.08495803,0.011,561.07947,26275.172,16528.652,13806.781
9.820277,47.1211,0.08495803,0.011,561.07947,26275.172,16528.652,13806.781
9.820277,47.248196,0.08495803,0.011,561.07947,26275.172,16528.652,13806.781
9.776743,47.629444,0.08495803,0.011,561.07947,26275.172,16477.78,13806.781
9.733214,48.137783,0.08495803,0.011,561.07947,26371.145,16477.78,13806.781
9.733214,48.137783,0.08495803,0.011,561.07947,26371.145,16376.041,13806.781
9.68968,48.010708,0.08495803,0.011,561.07947,26371.145,16325.174,13806.781
9.602616,47.248196,0.08495803,0.011,561.07947,26467.104,16325.174,13806.781
9.559088,46.866932,0.08495803,0.011,561.07947,26371.145,16325.174,13806.781
9.515553,46.994026,0.08495803,0.011,561.07947,26563.074,16274.301,13806.781
9.472025,46.994026,0.08495803,0.011,561.07947,26659.031,16274.301,13806.781
9.384961,47.1211,0.08495803,0.011,561.07947,26755.004,16274.301,13806.781
9.341427,47.37527,0.08495803,0.011,561.07947,27042.904,16274.301,13806.781
9.254364,47.629444,0.08495803,0.011,561.07947,27138.863,16325.174,13806.781
9.210835,47.883614,0.08495803,0.011,561.07947,27330.793,16376.041,13806.781
9.123772,48.264874,0.08495803,0.011,561.07947,27426.766,16426.914,13806.781
9.080237,48.264874,0.08495803,0.011,561.07947,27522.723,16477.78,13806.781
9.036703,48.391953,0.08495803,0.011,561.07947,27618.693,16477.78,13806.781
8.993175,48.264874,0.08495803,0.011,561.07947,27618.693,16528.652,13806.781
8.949639,47.756535,0.08495803,0.011,561.07947,27714.652,16579.52,13806.781
8.906111,47.502365,0.08495803,0.011,561.07947,27810.625,16579.52,13806.781
8.906111,47.756535,0.08495803,0.011,561.07947,27810.625,16528.652,13806.781
8.8625765,47.629444,0.08495803,0.011,561.07947,27714.652,16579.52,13806.781
8.8625765,47.502365,0.08495803,0.011,561.07947,27714.652,16579.52,13806.781
8.819048,47.502365,0.08495803,0.011,561.07947,27714.652,16528.652,13806.781
8.819048,47.502365,0.08495803,0.011,561.07947,27618.693,16528.652,13806.781
8.819048,47.629444,0.08495803,0.011,561.07947,27618.693,16528.652,13806.781
8.819048,47.756535,0.08495803,0.011,561.07947,27522.723,16477.78,13806.781
8.819048,47.883614,0.08495803,0.011,561.07947,27522.723,16477.78,13834.483
8.819048,48.010708,0.08495803,0.011,561.07947,27522.723,16376.041,13806.781
8.819048,47.883614,0.08495803,0.011,561.07947,27426.766,16325.174,13806.781
8.8625765,47.502365,0.08495803,0.011,561.07947,27330.793,16325.174,13834.483
8.8625765,47.1211,0.08495803,0.011,561.07947,27234.834,16274.301,13834.483
8.8625765,46.994026,0.08495803,0.011,561.07947,27138.863,16274.301,13806.781
8.8625765,47.1211,0.08495803,16.5067,561.07947,27138.863,16274.301,13806.781
8.906111,46.994026,0.08495803,33.001686,561.07947,27042.904,16274.301,13806.781
8.949639,47.1211,0.08495803,43.99858,561.07947,26946.934,16325.174,13806.781
8.949639,47.37527,0.08495803,65.99238,561.07947,26755.004,16325.174,13806.781
8.993175,48.010708,0.08495803,93.48497,561.07947,26755.004,16426.914,13806.781
9.080237,48.391953,0.08495803,104.481865,561.07947,26659.031,16426.914,13834.483
9.123772,48.391953,0.08495803,131.97374,561.07947,26659.031,16477.78,13806.781
9.1673,48.264874,0.08495803,197.95512,561.07947,26563.074,16477.78,13806.781
9.254364,48.010708,0.08495803,280.4322,561.07947,26563.074,16528.652,13806.781
9.341427,47.37527,0.08495803,527.86273,561.07947,26467.104,16579.52,13806.781
9.42849,47.37527,0.08495803,681.8192,561.07947,26467.104,16579.52,13806.781
9.515553,47.248196,0.08495803,912.754,561.07947,26371.145,16528.652,13806.781
9.602616,47.1211,0.085104786,1088.7043,561.07947,26371.145,16528.652,13806.781
9.646151,47.1211,0.08495803,1231.6648,561.07947,26275.172,16528.652,13806.781
9.68968,46.866932,0.08495803,1286.6492,561.07947,26275.172,16579.52,13806.781
9.733214,46.994026,0.08495803,1231.6648,561.07947,26275.172,16528.652,13806.781
9.776743,46.739853,0.08495803,1171.1815,561.07947,26179.213,16528.652,13806.781
9.820277,46.994026,0.08495803,1033.7198,561.07947,26179.213,16477.78,13806.781
9.820277,46.994026,0.08495803,912.754,561.07947,26179.213,16477.78,13806.781
9.820277,46.35859,0.08495803,890.76025,561.07947,26083.244,16376.041,13806.781
9.820277,45.341915,0.08495803,945.74475,561.07947,26179.213,16325.174,13834.483
9.820277,44.19814,0.08495803,1088.7043,561.07947,26179.213,16325.174,13806.781
9.820277,43.94397,0.08495803,1204.1721,561.07947,26179.213,16274.301,13806.781
9.768046,43.738625,0.084910266,1333.7284,559.7249,26207.414,16251.944,13800.157
9.723682,43.738625,0.084910266,1450.5504,559.7249,26302.111,16251.944,13800.157
9.679325,43.738625,0.084910266,1584.0613,559.7249,26302.111,16251.944,13800.157
9.679325,43.877,0.084910266,1686.9758,559.7249,26396.824,16251.944,13800.157
9.634961,44.292084,0.084910266,1794.0627,559.7249,26491.523,16303.032,13800.157
9.54624,44.292084,0.084910266,1870.5536,559.7249,26586.234,16354.119,13800.157
9.501882,45.537373,0.084910266,1930.355,559.7249,26775.646,16405.201,13800.157
9.457518,45.398994,0.084910266,1992.9382,559.7249,26965.057,16456.29,13800.157
9.41316,45.537373,0.084910266,2104.1973,559.7249,27059.768,16456.29,13800.157
9.324438,45.398994,0.084910266,2143.138,559.7249,27249.18,16507.37,13800.157
9.280075,44.430454,0.084910266,2123.6677,559.7249,27343.879,16507.37,13800.157
9.191353,44.153725,0.084910266,2122.2769,559.7249,27533.29,16558.457,13800.157
9.14699,44.153725,0.084910266,2169.562,559.7249,27533.29,16507.37,13800.157
9.102632,43.877,0.084910266,2225.1917,559.7249,27628.002,16507.37,13800.157
9.058268,43.877,0.084910266,2283.6025,559.7249,27722.701,16507.37,13800.157
9.01391,44.015354,0.084910266,2353.1394,559.7249,27722.701,16507.37,13800.157
8.969546,44.153725,0.084910266,2348.967,559.7249,27722.701,16507.37,13800.157
8.925188,44.153725,0.084910266,2333.669,559.7249,27628.002,16507.37,13800.157
8.925188,44.707184,0.084910266,2332.2783,559.7249,27628.002,16456.29,13800.157
8.880825,45.537373,0.084910266,2362.8745,559.7249,27628.002,16456.29,13800.157
8.880825,45.12227,0.084910266,2407.3782,559.7249,27533.29,16354.119,13800.157
8.836467,45.260643,0.084910266,2450.491,559.7249,27533.29,16303.032,13800.157
8.836467,44.56881,0.084910266,2461.617,559.7249,27533.29,16303.032,13800.157
8.836467,44.015354,0.084910266,2489.4316,559.7249,27438.59,16251.944,13800.157
8.836467,44.153725,0.084910266,2542.2798,559.7249,27438.59,16251.944,13827.811
8.836467,43.877,0.084910266,2558.9688,559.7249,27343.879,16251.944,13800.157
8.836467,44.015354,0.084910266,2567.313,559.7249,27249.18,16251.944,13827.811
8.836467,44.153725,0.084910266,2539.498,559.7249,27249.18,16251.944,13800.157
8.880825,44.84554,0.084910266,2490.8225,559.7249,27154.467,16251.944,13800.157
8.880825,45.398994,0.084910266,2440.7559,559.7249,27059.768,16354.119,13827.811
8.880825,45.952454,0.084910266,2408.769,559.7249,26965.057,16405.201,13800.157
8.925188,45.8141,0.084910266,2410.1597,559.7249,26870.357,16456.29,13800.157
8.925188,45.8141,0.084910266,2425.4578,559.7249,26775.646,16456.29,13800.157
8.969546,45.952454,0.084910266,2418.504,559.7249,26775.646,16507.37,13827.811
9.01391,45.8141,0.084910266,2412.941,559.7249,26680.947,16507.37,13800.157
9.058268,45.537373,0.084910266,2433.8022,559.7249,26586.234,16558.457,13800.157
9.102632,45.260643,0.084910266,2433.8022,559.7249,26586.234,16507.37,13800.157
9.14699,45.260643,0.084910266,2431.0208,559.7249,26491.523,16507.37,13800.157
9.235717,45.260643,0.084910266,2457.4448,559.7249,26491.523,16507.37,13800.157
9.280075,45.260643,0.084910266,2454.6633,559.7249,26491.523,16507.37,13800.157
9.368796,45.260643,0.084910266,2432.4114,559.7249,26396.824,16507.37,13800.157
9.457518,45.398994,0.084910266,2478.306,559.7249,26396.824,16507.37,13800.157
9.54624,46.090828,0.084910266,2531.1538,559.7249,26302.111,16456.29,13800.157
9.590603,45.260643,0.084910266,2552.015,559.7249,26302.111,16456.29,13800.157
9.679325,45.675724,0.084910266,2563.1406,559.7249,26302.111,16354.119,13800.157
9.723682,45.537373,0.084910266,2572.876,559.7249,26207.414,16303.032,13800.157
9.768046,45.537373,0.084910266,2585.3926,559.7249,26207.414,16303.032,13800.157
9.812405,45.260643,0.084910266,2595.1277,559.7249,26207.414,16303.032,13800.157
9.812405,45.12227,0.084910266,2604.863,559.7249,26207.414,16251.944,13800.157
9.812405,45.260643,0.084910266,2625.7239,559.7249,26207.414,16251.944,13800.157
9.812405,44.98391,0.084910266,2646.585,559.7249,26207.414,16251.944,13800.157
9.812405,44.98391,0.084910266,2656.32,559.7249,26207.414,16251.944,13800.157
9.812405,44.98391,0.084910266,2657.7107,559.7249,26207.414,16303.032,13800.157
9.768046,45.952454,0.084910266,2638.2405,559.7249,26302.111,16354.119,13800.157
9.768046,46.644283,0.084910266,2618.7703,559.7249,26302.111,16405.201,13800.157
9.723682,46.782654,0.084910266,2607.6443,559.7249,26396.824,16456.29,13800.157
9.679325,46.782654,0.084910266,2575.6575,559.7249,26491.523,16456.29,13800.157
9.634961,46.782654,0.084910266,2504.7297,559.7249,26586.234,16507.37,13800.157
9.590603,45.8141,0.084910266,2440.7559,559.7249,26775.646,16507.37,13800.157
9.54624,45.8141,0.084910266,2378.1729,559.7249,26965.057,16507.37,13800.157
9.501882,45.537373,0.084910266,2323.9338,559.7249,27059.768,16507.37,13800.157
9.41316,45.537373,0.084910266,2251.6155,559.7249,27249.18,16507.37,13800.157
9.368796,45.537373,0.084910266,2205.7212,559.7249,27249.18,16507.37,13800.157
9.280075,45.398994,0.084910266,2162.6084,559.7249,27438.59,16507.37,13800.157
9.2297945,45.35808,0.08486324,2112.7903,558.3537,27555.64,16502.027,13792.174
9.139828,45.48903,0.08486324,2067.5173,558.3537,27649.842,16502.027,13792.174
9.094848,45.61996,0.08486324,2007.1504,558.3537,27649.842,16450.986,13792.174
9.049861,45.61996,0.08486324,1946.7853,558.3537,27649.842,16450.986,13792.174
9.004881,45.61996,0.08486324,1871.33,558.3537,27649.842,16348.8955,13792.174
8.959894,45.48903,0.08486324,1810.965,558.3537,27649.842,16297.847,13792.174
8.914914,45.227146,0.08486324,1750.6,558.3537,27649.842,16297.847,13792.174
8.914914,44.96525,0.08486324,1690.2349,558.3537,27555.64,16246.798,13792.174
8.869927,44.834316,0.08486324,1629.8698,558.3537,27555.64,16246.798,13792.174
8.869927,44.70336,0.08486324,1584.595,558.3537,27555.64,16246.798,13792.174
8.824947,44.44148,0.08486324,1539.3223,558.3537,27461.43,16246.798,13792.174
8.824947,44.834316,0.08486324,1463.8647,558.3537,27461.43,16246.798,13792.174
8.824947,44.834316,0.08486324,1388.4094,558.3537,27461.43,16297.847,13792.174
8.824947,45.096195,0.08486324,1297.8618,558.3537,27367.229,16348.8955,13792.174
8.824947,45.61996,0.08486324,1207.3142,558.3537,27367.229,16399.938,13792.174
8.824947,46.0128,0.08486324,1192.222,558.3537,27273.016,16450.986,13792.174
8.824947,45.881847,0.08486324,1101.6743,558.3537,27178.816,16450.986,13792.174
8.824947,45.881847,0.08486324,1011.1267,558.3537,27084.602,16502.027,13792.174
8.869927,45.61996,0.08486324,920.5792,558.3537,26990.404,16502.027,13792.174
8.869927,45.35808,0.08486324,830.03156,558.3537,26896.191,16502.027,13792.174
8.869927,45.35808,0.08486324,754.5743,558.3537,26801.99,16502.027,13792.174
8.914914,45.227146,0.08486324,694.2092,558.3537,26801.99,16502.027,13792.174
8.959894,45.35808,0.08486324,633.8442,558.3537,26707.777,16502.027,13792.174
9.004881,45.35808,0.08486324,588.57135,558.3537,26613.578,16502.027,13792.174
9.049861,45.35808,0.08486324,513.114,558.3537,26519.365,16502.027,13792.174
9.094848,45.35808,0.08486324,452.749,558.3537,26519.365,16502.027,13792.174
9.184814,45.48903,0.08486324,332.01883,558.3537,26425.152,16450.986,13792.174
9.2297945,45.881847,0.08486324,226.38095,558.3537,26425.152,16450.986,13792.174
9.319767,45.48903,0.08486324,181.10619,558.3537,26425.152,16348.8955,13792.174
9.409734,45.35808,0.08486324,90.5586,558.3537,26330.951,16297.847,13792.174
9.499701,45.35808,0.08486324,60.376064,558.3537,26330.951,16297.847,13792.174
9.589667,45.227146,0.08486324,45.285778,558.3537,26330.951,16246.798,13792.174
9.634648,45.096195,0.08486324,30.193531,558.3537,26236.74,16246.798,13792.174
9.679634,45.096195,0.08486324,15.103247,558.3537,26236.74,16246.798,13792.174
9.769601,44.70336,0.08486324,15.103247,558.3537,26236.74,16246.798,13792.174
9.814581,44.96525,0.08486324,15.103247,558.3537,26236.74,16246.798,13792.174
9.814581,45.227146,0.08486324,45.285778,558.3537,26236.74,16297.847,13792.174
9.814581,46.14373,0.08486324,15.103247,558.3537,26236.74,16348.8955,13792.174
9.814581,46.667496,0.08486324,15.103247,558.3537,26236.74,16399.938,13792.174
9.814581,46.667496,0.08486324,0.011,558.3537,26236.74,16450.986,13792.174
9.814581,46.667496,0.08486324,0.011,558.3537,26236.74,16450.986,13792.174
9.814581,46.667496,0.08486324,0.011,558.3537,26330.951,16502.027,13792.174
9.769601,46.14373,0.08486324,0.011,558.3537,26330.951,16502.027,13792.174
9.724614,46.0128,0.08486324,0.011,558.3537,26425.152,16502.027,13792.174
9.724614,45.75091,0.08486324,0.011,558.3537,26519.365,16502.027,13792.174
9.679634,45.75091,0.08486324,0.011,558.3537,26613.578,16502.027,13792.174
9.634648,45.75091,0.08486324,0.011,558.3537,26707.777,16502.027,13792.174
9.589667,45.75091,0.08486324,0.011,558.3537,26896.191,16502.027,13792.174
9.499701,45.61996,0.08486324,0.011,558.3537,27084.602,16502.027,13792.174
9.454715,45.881847,0.08486324,0.011,558.3537,27178.816,16502.027,13792.174
9.409734,45.881847,0.08486324,0.011,558.3537,27273.016,16450.986,13792.174
9.319767,46.14373,0.08486324,0.011,558.3537,27461.43,16450.986,13792.174
9.274781,45.48903,0.08486324,0.011,558.3537,27555.64,16348.8955,13792.174
9.2297945,45.48903,0.08486324,0.011,558.3537,27555.64,16297.847,13792.174
9.139828,45.48903,0.08486324,0.011,558.3537,27649.842,16297.847,13792.174
9.094848,45.35808,0.08486324,0.011,558.3537,27649.842,16297.847,13792.174
9.049861,45.096195,0.08486324,0.011,558.3537,27649.842,16246.798,13792.174
9.004881,45.096195,0.08486324,0.011,558.3537,27649.842,16246.798,13792.174
8.959894,45.096195,0.08486324,0.011,558.3537,27649.842,16246.798,13792.174
8.959894,45.096195,0.08486324,0.011,558.3537,27649.842,16246.798,13792.174
8.914914,45.35808,0.08486324,0.011,558.3537,27555.64,16297.847,13792.174
8.869927,46.0128,0.08486324,0.011,558.3537,27555.64,16348.8955,13792.174
8.869927,46.14373,0.08486324,0.011,558.3537,27555.64,16399.938,13792.174
8.824947,46.405613,0.08486324,0.011,558.3537,27461.43,16450.986,13792.174
8.845861,46.578876,0.08481437,0.011,556.9898,27470.861,16472.105,13782.762
8.845861,46.446743,0.08481437,0.011,556.9898,27375.268,16522.938,13782.762
8.845861,46.050297,0.08481437,0.011,556.9898,27375.268,16522.938,13782.762
8.845861,45.786007,0.08481437,0.011,556.9898,27279.662,16522.938,13782.762
8.845861,45.653873,0.08481437,0.011,556.9898,27184.066,16522.938,13782.762
8.845861,45.521717,0.08481437,0.011,556.9898,27088.46,16522.938,13782.762
8.845861,45.521717,0.08481437,0.011,556.9898,26992.87,16522.938,13782.762
8.890293,45.521717,0.08481437,0.011,556.9898,26897.262,16522.938,13782.762
8.890293,45.653873,0.08481437,0.011,556.9898,26801.67,16522.938,13782.762
8.9347315,45.653873,0.08481437,0.011,556.9898,26706.064,16522.938,13782.762
8.9347315,45.786007,0.08481437,0.011,556.9898,26610.457,16472.105,13782.762
8.979164,46.050297,0.08481437,0.011,556.9898,26514.865,16472.105,13782.762
9.0236025,45.653873,0.08481437,0.011,556.9898,26514.865,16370.449,13782.762
9.068034,45.521717,0.08481437,0.011,556.9898,26419.26,16319.624,13782.762
9.156905,45.521717,0.08481437,0.011,556.9898,26419.26,16319.624,13782.762
9.201344,45.389584,0.08481437,0.011,556.9898,26323.666,16319.624,13782.762
9.290214,45.257427,0.08481437,0.011,556.9898,26323.666,16268.792,13782.762
9.334652,45.125275,0.08481437,0.011,556.9898,26323.666,16268.792,13782.762
9.423523,44.993137,0.08481437,0.011,556.9898,26228.06,16268.792,13782.762
9.512394,45.125275,0.08481437,0.011,556.9898,26228.06,16268.792,13782.762
9.556827,45.257427,0.08481437,0.011,556.9898,26228.06,16319.624,13782.762
9.645698,45.786007,0.08481437,0.011,556.9898,26228.06,16370.449,13782.762
9.734568,46.050297,0.08481437,0.011,556.9898,26228.06,16421.281,13782.762
9.779006,46.314587,0.08481437,0.011,556.9898,26228.06,16472.105,13782.762
9.823439,46.446743,0.08481437,0.011,556.9898,26228.06,16472.105,13782.762
9.823439,46.314587,0.08481437,0.011,556.9898,26228.06,16522.938,13782.762
9.823439,45.91816,0.08481437,0.011,556.9898,26228.06,16522.938,13782.762
9.823439,45.786007,0.08481437,0.011,556.9898,26228.06,16522.938,13782.762
9.823439,45.653873,0.08481437,0.011,556.9898,26323.666,16522.938,13782.762
9.823439,45.521717,0.08481437,0.011,556.9898,26323.666,16522.938,13782.762
9.779006,45.521717,0.08481437,0.011,556.9898,26419.26,16522.938,13782.762
9.779006,45.653873,0.08481437,0.011,556.9898,26514.865,16522.938,13782.762
9.734568,45.521717,0.08481437,0.011,556.9898,26610.457,16522.938,13782.762
9.690135,45.653873,0.08481437,0.011,556.9898,26706.064,16522.938,13782.762
9.690135,45.653873,0.08481437,0.011,556.9898,26897.262,16472.105,13782.762
9.645698,45.91816,0.08481437,0.011,556.9898,26992.87,16472.105,13782.762
9.556827,45.653873,0.08481437,0.011,556.9898,27088.46,16370.449,13782.762
9.512394,45.521717,0.08481437,0.011,556.9898,27279.662,16319.624,13782.762
9.467955,45.521717,0.08481437,0.011,556.9898,27375.268,16319.624,13782.762
9.423523,45.257427,0.08481437,0.011,556.9898,27470.861,16268.792,13782.762
9.334652,45.125275,0.08481437,0.011,556.9898,27566.467,16268.792,13782.762
9.290214,45.125275,0.08481437,0.011,556.9898,27566.467,16268.792,13782.762
9.201344,44.860985,0.08481437,0.011,556.9898,27662.06,16268.792,13782.762
9.156905,44.993137,0.08481437,0.011,556.9898,27662.06,16268.792,13782.762
9.112473,45.389584,0.08481437,0.011,556.9898,27662.06,16319.624,13782.762
9.068034,45.91816,0.08481437,0.011,556.9898,27662.06,16370.449,13782.762
9.0236025,46.314587,0.08481437,0.011,556.9898,27662.06,16421.281,13782.762
8.979164,46.578876,0.08481437,0.011,556.9898,27566.467,16472.105,13782.762
8.979164,46.578876,0.08481437,0.011,556.9898,27566.467,16472.105,13782.762
8.9347315,46.578876,0.08481437,0.011,556.9898,27566.467,16522.938,13782.762
8.890293,46.050297,0.08481437,0.011,556.9898,27470.861,16522.938,13782.762
8.890293,45.786007,0.08481437,0.011,556.9898,27470.861,16522.938,13782.762
8.845861,45.521717,0.08481437,0.011,556.9898,27470.861,16522.938,13782.762
8.845861,45.521717,0.08481437,0.011,556.9898,27375.268,16522.938,13782.762
8.845861,45.521717,0.08481437,0.011,556.9898,27279.662,16522.938,13782.762
8.845861,45.521717,0.08481437,0.011,556.9898,27279.662,16522.938,13782.762
8.845861,45.389584,0.08481437,0.011,556.9898,27184.066,16522.938,13782.762
8.845861,45.521717,0.08481437,0.011,556.9898,27088.46,16522.938,13782.762
8.845861,45.653873,0.08481437,0.011,556.9898,26992.87,16472.105,13782.762
8.845861,45.786007,0.08481437,0.011,556.9898,26897.262,16472.105,13782.762
8.890293,45.521717,0.08481437,0.011,556.9898,26801.67,16370.449,13782.762
8.890293,45.389584,0.08481437,0.011,556.9898,26706.064,16319.624,13782.762
8.9347315,45.257427,0.08481437,0.011,556.9898,26610.457,16319.624,13782.762
8.979164,45.257427,0.08481437,0.011,556.9898,26514.865,16268.792,13782.762
9.004297,45.07293,0.084766,0.011,555.6285,26412.848,16292.648,13773.66
9.04791,45.07293,0.084766,0.011,555.6285,26412.848,16292.648,13773.66
9.091529,44.94017,0.084766,0.011,555.6285,26316.557,16292.648,13773.66
9.178761,44.94017,0.084766,0.011,555.6285,26316.557,16292.648,13773.66
9.222379,45.20567,0.084766,0.011,555.6285,26316.557,16343.659,13773.66
9.30961,45.869427,0.084766,0.011,555.6285,26220.277,16394.662,13773.66
9.396842,46.26768,0.084766,0.011,555.6285,26220.277,16445.672,13773.66
9.484074,46.40042,0.084766,0.011,555.6285,26220.277,16496.676,13773.66
9.571306,46.53318,0.084766,0.011,555.6285,26220.277,16496.676,13773.66
9.614919,46.40042,0.084766,0.011,555.6285,26220.277,16547.686,13773.66
9.658538,46.002182,0.084766,0.011,555.6285,26220.277,16547.686,13773.66
9.7457695,45.736683,0.084766,0.011,555.6285,26220.277,16547.686,13773.66
9.789382,45.603924,0.084766,0.011,555.6285,26220.277,16547.686,13773.66
9.833001,45.471184,0.084766,0.011,555.6285,26220.277,16547.686,13773.66
9.833001,45.471184,0.084766,0.011,555.6285,26220.277,16547.686,13773.66
9.833001,45.471184,0.084766,0.011,555.6285,26220.277,16547.686,13773.66
9.833001,45.603924,0.084766,0.011,555.6285,26316.557,16547.686,13773.66
9.833001,45.603924,0.084766,0.011,555.6285,26412.848,16547.686,13773.66
9.833001,45.736683,0.084766,0.011,555.6285,26412.848,16496.676,13773.66
9.789382,45.736683,0.084766,0.011,555.6285,26509.129,16496.676,13773.66
9.7457695,45.603924,0.084766,0.011,555.6285,26701.7,16394.662,13773.66
9.7457695,45.471184,0.084766,0.011,555.6285,26797.99,16343.659,13773.66
9.70215,45.33843,0.084766,0.011,555.6285,26894.283,16343.659,13773.66
9.658538,45.33843,0.084766,0.011,555.6285,26990.562,16292.648,13773.66
9.614919,45.20567,0.084766,0.011,555.6285,27183.135,16292.648,13773.66
9.571306,45.07293,0.084766,0.011,555.6285,27279.426,16292.648,13773.66
9.527687,44.94017,0.084766,0.011,555.6285,27375.707,16292.648,13773.66
9.484074,45.07293,0.084766,0.011,555.6285,27471.996,16292.648,13773.66
9.396842,45.33843,0.084766,0.011,555.6285,27568.275,16343.659,13773.66
9.353224,45.869427,0.084766,0.011,555.6285,27568.275,16394.662,13773.66
9.265992,46.134922,0.084766,0.011,555.6285,27664.568,16445.672,13773.66
9.222379,46.40042,0.084766,0.011,555.6285,27664.568,16496.676,13773.66
9.135147,46.40042,0.084766,0.011,555.6285,27664.568,16496.676,13773.66
9.091529,46.26768,0.084766,0.011,555.6285,27664.568,16547.686,13773.66
9.04791,46.002182,0.084766,0.011,555.6285,27664.568,16547.686,13773.66
9.004297,45.736683,0.084766,0.011,555.6285,27664.568,16547.686,13773.66
8.960679,45.603924,0.084766,0.011,555.6285,27568.275,16547.686,13773.66
8.917066,45.471184,0.084766,0.011,555.6285,27568.275,16547.686,13773.66
8.917066,45.471184,0.084766,0.011,555.6285,27568.275,16547.686,13773.66
8.873447,45.471184,0.084766,0.011,555.6285,27471.996,16547.686,13773.66
8.873447,45.471184,0.084766,0.011,555.6285,27471.996,16547.686,13773.66
8.829833,45.603924,0.084766,0.011,555.6285,27375.707,16547.686,13773.66
8.829833,45.603924,0.084766,0.011,555.6285,27375.707,16496.676,13773.66
8.829833,45.736683,0.084766,0.011,555.6285,27279.426,16496.676,13773.66
8.829833,45.603924,0.084766,11.007895,555.6285,27183.135,16394.662,13773.66
8.829833,45.471184,0.084766,22.004791,555.6285,27086.855,16343.659,13773.66
8.829833,45.33843,0.084766,54.99548,555.6285,26990.562,16343.659,13773.66
8.829833,45.20567,0.084766,104.481865,555.6285,26894.283,16292.648,13773.66
8.829833,45.07293,0.084766,230.9458,555.6285,26797.99,16292.648,13773.66
8.873447,45.07293,0.084766,291.42908,555.6285,26701.7,16292.648,13773.66
8.873447,44.94017,0.084766,329.91788,555.6285,26605.42,16292.648,13773.66
8.917066,44.94017,0.084766,351.91165,555.6285,26509.129,16292.648,13773.66
8.960679,45.33843,0.084766,351.91165,555.6285,26509.129,16343.659,13773.66
8.960679,45.736683,0.084766,423.39185,555.6285,26412.848,16394.662,13773.66
9.004297,46.002182,0.084766,538.8596,555.6285,26412.848,16445.672,13773.66
9.04791,46.26768,0.084766,505.86893,555.6285,26316.557,16496.676,13773.66
9.135147,46.26768,0.084766,483.87512,555.6285,26316.557,16496.676,13773.66
9.222379,46.134922,0.084766,434.38873,555.6285,26316.557,16547.686,13773.66
9.265992,46.002182,0.084766,434.38873,555.6285,26220.277,16547.686,13773.66
9.353224,45.736683,0.084766,434.38873,555.6285,26220.277,16547.686,13773.66
9.440455,45.603924,0.084766,445.38562,555.6285,26220.277,16547.686,13773.66
9.527687,45.471184,0.084766,456.38254,555.6285,26220.277,16547.686,13773.66
9.571306,45.33843,0.084766,527.86273,555.6285,26220.277,16547.686,13773.66
9.658538,45.471184,0.084766,593.84406,555.6285,26220.277,16547.686,13773.66
9.714659,45.435066,0.08471768,643.98303,554.2706,26242.164,16530.416,13764.524
9.758361,45.56754,0.08471768,697.4327,554.2706,26242.164,16530.416,13764.524
9.802058,45.56754,0.08471768,753.4583,554.2706,26242.164,16479.168,13764.524
9.802058,45.56754,0.08471768,792.74054,554.2706,26242.164,16479.168,13764.524
9.845762,45.56754,0.08471768,850.054,554.2706,26337.13,16376.667,13764.524
9.845762,45.435066,0.08471768,902.8598,554.2706,26432.111,16325.412,13764.524
9.845762,45.302574,0.08471768,938.2782,554.2706,26432.111,16325.412,13764.524
9.845762,45.170086,0.08471768,957.5974,554.2706,26527.078,16274.157,13764.524
9.802058,45.170086,0.08471768,985.9321,554.2706,26622.057,16274.157,13764.524
9.802058,45.03761,0.08471768,1014.91095,554.2706,26717.035,16274.157,13764.524
9.758361,44.90512,0.08471768,1054.1932,554.2706,26812.002,16274.157,13764.524
9.714659,44.90512,0.08471768,1097.3392,554.2706,26906.98,16274.157,13764.524
9.67096,45.170086,0.08471768,1128.2499,554.2706,27096.924,16325.412,13764.524
9.627257,45.700027,0.08471768,1132.7578,554.2706,27191.893,16376.667,13764.524
9.583559,45.964993,0.08471768,1147.5692,554.2706,27286.871,16427.914,13764.524
9.539857,46.229954,0.08471768,1147.5692,554.2706,27381.838,16479.168,13764.524
9.496159,46.229954,0.08471768,1167.5322,554.2706,27476.816,16479.168,13764.524
9.4524555,46.097466,0.08471768,1177.8358,554.2706,27571.783,16530.416,13764.524
9.408759,45.964993,0.08471768,1191.3593,554.2706,27571.783,16530.416,13764.524
9.321358,45.700027,0.08471768,1202.3066,554.2706,27666.762,16530.416,13764.524
9.277654,45.56754,0.08471768,1211.3224,554.2706,27666.762,16530.416,13764.524
9.233957,45.435066,0.08471768,1239.0132,554.2706,27666.762,16530.416,13764.524
9.146556,45.435066,0.08471768,1266.0599,554.2706,27666.762,16530.416,13764.524
9.102853,45.435066,0.08471768,1287.311,554.2706,27666.762,16530.416,13764.524
9.05915,45.435066,0.08471768,1298.2587,554.2706,27666.762,16530.416,13764.524
9.015452,45.435066,0.08471768,1299.5465,554.2706,27666.762,16530.416,13764.524
8.971749,45.56754,0.08471768,1305.9862,554.2706,27571.783,16479.168,13764.524
8.928052,45.56754,0.08471768,1313.7139,554.2706,27571.783,16479.168,13764.524
8.884349,45.435066,0.08471768,1317.5778,554.2706,27476.816,16376.667,13764.524
8.884349,45.435066,0.08471768,1317.5778,554.2706,27476.816,16325.412,13764.524
8.840651,45.302574,0.08471768,1317.5778,554.2706,27381.838,16325.412,13764.524
8.840651,45.170086,0.08471768,1317.5778,554.2706,27381.838,16274.157,13764.524
8.840651,45.170086,0.08471768,1317.5778,554.2706,27286.871,16274.157,13764.524
8.840651,45.03761,0.08471768,1317.5778,554.2706,27191.893,16274.157,13764.524
8.840651,44.90512,0.08471768,1317.5778,554.2706,27096.924,16274.157,13764.524
8.840651,44.90512,0.08471768,1317.5778,554.2706,27001.947,16274.157,13764.524
8.840651,45.170086,0.08471768,1317.5778,554.2706,26906.98,16325.412,13764.524
8.840651,45.700027,0.08471768,1317.5778,554.2706,26812.002,16376.667,13764.524
8.884349,45.964993,0.08471768,1317.5778,554.2706,26717.035,16427.914,13764.524
8.884349,46.229954,0.08471768,1317.5778,554.2706,26622.057,16479.168,13764.524
8.928052,46.229954,0.08471768,1317.5778,554.2706,26527.078,16479.168,13764.524
8.928052,46.097466,0.08471768,1317.5778,554.2706,26527.078,16530.416,13764.524
8.971749,45.964993,0.08471768,1317.5778,554.2706,26432.111,16530.416,13764.524
9.015452,45.700027,0.08471768,1317.5778,554.2706,26432.111,16530.416,13764.524
9.05915,45.56754,0.08471768,1317.5778,554.2706,26432.111,16530.416,13764.524
9.102853,45.435066,0.08471768,1317.5778,554.2706,26337.13,16530.416,13764.524
9.190254,45.302574,0.08471768,1317.5778,554.2706,26337.13,16530.416,13764.524
9.277654,45.302574,0.08471768,1299.5465,554.2706,26337.13,16530.416,13764.524
9.321358,45.435066,0.08471768,1253.1805,554.2706,26242.164,16530.416,13764.524
9.408759,45.435066,0.08471768,1239.0132,554.2706,26242.164,16530.416,13764.524
9.4524555,45.56754,0.08471768,1239.6571,554.2706,26242.164,16479.168,13764.524
9.539857,45.56754,0.08471768,1239.0132,554.2706,26242.164,16479.168,13764.524
9.627257,45.56754,0.08471768,1239.0132,554.2706,26242.164,16376.667,13764.524
9.67096,45.435066,0.08471768,1239.6571,554.2706,26242.164,16325.412,13764.524
9.714659,45.302574,0.08471768,1253.8246,554.2706,26242.164,16325.412,13764.524
9.758361,45.302574,0.08471768,1256.4004,554.2706,26242.164,16274.157,13764.524
9.802058,45.170086,0.08471768,1254.4685,554.2706,26337.13,16274.157,13764.524
9.845762,45.03761,0.08471768,1248.0288,554.2706,26337.13,16274.157,13764.524
9.845762,44.90512,0.08471768,1237.0813,554.2706,26432.111,16274.157,13764.524
9.845762,44.90512,0.08471768,1195.2231,554.2706,26527.078,16274.157,13764.524
9.845762,45.302574,0.08471768,1166.8883,554.2706,26622.057,16325.412,13764.524
9.802058,45.700027,0.08471768,1148.857,554.2706,26717.035,16376.667,13764.524
9.802058,45.964993,0.08471768,1137.9095,554.2706,26812.002,16427.914,13764.524
9.758361,46.229954,0.08471768,1129.538,554.2706,26906.98,16479.168,13764.524
9.718747,46.247597,0.08466949,1123.714,552.9161,26991.31,16502.246,13755.424
9.674111,46.115932,0.08466949,1123.714,552.9161,27085.518,16553.297,13755.424
9.674111,45.98425,0.08466949,1116.122,552.9161,27179.738,16553.297,13755.424
9.5848465,45.7209,0.08466949,1108.5288,552.9161,27273.945,16553.297,13755.424
9.540216,45.589237,0.08466949,1085.7516,552.9161,27368.162,16553.297,13755.424
9.495581,45.457554,0.08466949,1055.3812,552.9161,27462.37,16553.297,13755.424
9.450952,45.325893,0.08466949,1040.196,552.9161,27556.59,16553.297,13755.424
9.406316,45.457554,0.08466949,1017.41785,552.9161,27556.59,16553.297,13755.424
9.31705,45.457554,0.08466949,979.4545,552.9161,27650.795,16553.297,13755.424
9.272421,45.457554,0.08466949,956.67725,552.9161,27650.795,16553.297,13755.424
9.183149,45.589237,0.08466949,941.49207,552.9161,27650.795,16502.246,13755.424
9.138519,45.589237,0.08466949,926.3069,552.9161,27650.795,16502.246,13755.424
9.0938835,45.589237,0.08466949,895.9366,552.9161,27650.795,16400.152,13755.424
9.049254,45.457554,0.08466949,880.7514,552.9161,27650.795,16349.109,13755.424
9.004619,45.325893,0.08466949,850.3811,552.9161,27556.59,16349.109,13755.424
8.959989,45.325893,0.08466949,820.0108,552.9161,27556.59,16298.059,13755.424
8.915353,45.19421,0.08466949,782.04736,552.9161,27462.37,16298.059,13755.424
8.870724,45.06253,0.08466949,751.67706,552.9161,27462.37,16298.059,13755.424
8.870724,44.930862,0.08466949,721.3067,552.9161,27368.162,16298.059,13755.424
8.826088,44.930862,0.08466949,683.3443,552.9161,27368.162,16298.059,13755.424
8.826088,45.325893,0.08466949,660.56604,552.9161,27273.945,16349.109,13755.424
8.826088,45.7209,0.08466949,660.56604,552.9161,27179.738,16400.152,13755.424
8.826088,45.98425,0.08466949,630.19574,552.9161,27085.518,16451.203,13755.424
8.826088,46.247597,0.08466949,592.23334,552.9161,26991.31,16502.246,13755.424
8.826088,46.247597,0.08466949,539.0848,552.9161,26897.094,16502.246,13755.424
8.826088,46.115932,0.08466949,501.12137,552.9161,26802.885,16553.297,13755.424
8.826088,45.98425,0.08466949,470.75104,552.9161,26708.666,16553.297,13755.424
8.826088,45.7209,0.08466949,425.19556,552.9161,26614.46,16553.297,13755.424
8.870724,45.589237,0.08466949,402.4183,552.9161,26614.46,16553.297,13755.424
8.915353,45.457554,0.08466949,364.4549,552.9161,26520.24,16553.297,13755.424
8.959989,45.325893,0.08466949,334.08456,552.9161,26426.021,16553.297,13755.424
9.004619,45.457554,0.08466949,296.12216,552.9161,26426.021,16553.297,13755.424
9.049254,45.457554,0.08466949,250.56668,552.9161,26331.816,16553.297,13755.424
9.0938835,45.457554,0.08466949,227.78845,552.9161,26331.816,16553.297,13755.424
9.138519,45.589237,0.08466949,220.19633,552.9161,26331.816,16502.246,13755.424
9.227785,45.589237,0.08466949,151.86263,552.9161,26237.596,16502.246,13755.424
9.272421,45.589237,0.08466949,75.93681,552.9161,26237.596,16400.152,13755.424
9.361686,45.457554,0.08466949,83.52989,552.9161,26237.596,16349.109,13755.424
9.406316,45.325893,0.08466949,91.12198,552.9161,26237.596,16349.109,13755.424
9.495581,45.325893,0.08466949,83.52989,552.9161,26237.596,16298.059,13755.424
9.5848465,45.19421,0.08466949,83.52989,552.9161,26237.596,16298.059,13755.424
9.629482,45.06253,0.08466949,106.30714,552.9161,26237.596,16298.059,13755.424
9.718747,44.930862,0.08466949,83.52989,552.9161,26237.596,16298.059,13755.424
9.763377,44.930862,0.08466949,75.93681,552.9161,26237.596,16298.059,13755.424
9.808013,45.325893,0.08466949,75.93681,552.9161,26331.816,16349.109,13755.424
9.808013,45.7209,0.08466949,7.6040745,552.9161,26331.816,16400.152,13755.424
9.852642,45.98425,0.08466949,0.011,552.9161,26426.021,16451.203,13755.424
9.852642,46.247597,0.08466949,0.011,552.9161,26520.24,16502.246,13755.424
9.852642,46.247597,0.08466949,0.011,552.9161,26520.24,16502.246,13755.424
9.852642,46.115932,0.08466949,0.011,552.9161,26614.46,16553.297,13755.424
9.808013,45.98425,0.08466949,0.011,552.9161,26708.666,16553.297,13755.424
9.763377,45.7209,0.08466949,0.011,552.9161,26802.885,16553.297,13755.424
9.763377,45.589237,0.08466949,0.011,552.9161,26897.094,16553.297,13755.424
9.718747,45.457554,0.08466949,0.011,552.9161,26991.31,16553.297,13755.424
9.674111,45.457554,0.08466949,0.011,552.9161,27085.518,16553.297,13755.424
9.629482,45.457554,0.08466949,0.011,552.9161,27179.738,16553.297,13755.424
9.5848465,45.457554,0.08466949,0.011,552.9161,27273.945,16553.297,13755.424
9.540216,45.457554,0.08466949,0.011,552.9161,27368.162,16553.297,13755.424
9.495581,45.589237,0.08466949,0.011,552.9161,27462.37,16502.246,13755.424
9.450952,45.589237,0.08466949,0.011,552.9161,27556.59,16502.246,13755.424
9.406316,45.589237,0.08466949,0.011,552.9161,27556.59,16400.152,13755.424
9.31705,45.457554,0.08466949,0.011,552.9161,27556.59,16349.109,13755.424
9.272421,45.325893,0.08466949,0.011,552.9161,27650.795,16349.109,13755.424
9.183149,45.325893,0.08466949,0.011,552.9161,27650.795,16298.059,13755.424
9.154284,45.218887,0.08462142,0.011,551.56494,27679.287,16320.398,13746.342
9.109193,45.087025,0.08462142,0.011,551.56494,27679.287,16320.398,13746.342
9.064096,44.955173,0.08462142,0.011,551.56494,27679.287,16320.398,13746.342
9.019005,44.955173,0.08462142,0.011,551.56494,27584.223,16320.398,13746.342
8.973909,45.350754,0.08462142,0.011,551.56494,27584.223,16371.616,13746.342
8.928818,45.746315,0.08462142,0.011,551.56494,27584.223,16422.826,13746.342
8.883721,46.01003,0.08462142,0.011,551.56494,27489.17,16474.043,13746.342
8.883721,46.273746,0.08462142,0.011,551.56494,27489.17,16525.254,13746.342
8.838631,46.273746,0.08462142,0.011,551.56494,27394.104,16525.254,13746.342
8.838631,46.141895,0.08462142,0.011,551.56494,27299.05,16576.47,13746.342
8.838631,46.01003,0.08462142,0.011,551.56494,27203.986,16576.47,13746.342
8.838631,45.746315,0.08462142,0.011,551.56494,27203.986,16576.47,13746.342
8.838631,45.614468,0.08462142,0.011,551.56494,27108.934,16576.47,13746.342
8.838631,45.4826,0.08462142,0.011,551.56494,26918.814,16576.47,13746.342
8.838631,45.4826,0.08462142,0.011,551.56494,26823.75,16576.47,13746.342
8.838631,45.4826,0.08462142,0.011,551.56494,26728.697,16576.47,13746.342
8.883721,45.4826,0.08462142,0.011,551.56494,26633.63,16576.47,13746.342
8.928818,45.4826,0.08462142,0.011,551.56494,26633.63,16576.47,13746.342
8.973909,45.614468,0.08462142,0.011,551.56494,26538.566,16525.254,13746.342
9.019005,45.614468,0.08462142,0.011,551.56494,26443.514,16525.254,13746.342
9.064096,45.614468,0.08462142,0.011,551.56494,26348.447,16422.826,13746.342
9.109193,45.4826,0.08462142,0.011,551.56494,26348.447,16371.616,13746.342
9.154284,45.350754,0.08462142,0.011,551.56494,26348.447,16371.616,13746.342
9.244472,45.350754,0.08462142,0.011,551.56494,26253.395,16320.398,13746.342
9.334664,45.218887,0.08462142,0.011,551.56494,26253.395,16320.398,13746.342
9.379756,45.087025,0.08462142,0.011,551.56494,26253.395,16320.398,13746.342
9.469943,44.955173,0.08462142,0.011,551.56494,26253.395,16320.398,13746.342
9.515039,44.955173,0.08462142,0.011,551.56494,26253.395,16320.398,13746.342
9.605227,45.350754,0.08462142,0.011,551.56494,26253.395,16371.616,13746.342
9.650318,45.746315,0.08462142,0.011,551.56494,26253.395,16422.826,13746.342
9.740506,46.01003,0.08462142,0.011,551.56494,26253.395,16474.043,13746.342
9.785602,46.273746,0.08462142,0.011,551.56494,26348.447,16525.254,13746.342
9.785602,46.273746,0.08462142,0.011,551.56494,26348.447,16525.254,13746.342
9.830693,46.141895,0.08462142,0.011,551.56494,26348.447,16576.47,13746.342
9.830693,46.01003,0.08462142,0.011,551.56494,26443.514,16576.47,13746.342
9.830693,45.746315,0.08462142,0.011,551.56494,26443.514,16576.47,13746.342
9.830693,45.614468,0.08462142,0.011,551.56494,26538.566,16576.47,13746.342
9.830693,45.4826,0.08462142,0.011,551.56494,26633.63,16576.47,13746.342
9.830693,45.4826,0.08462142,0.011,551.56494,26728.697,16576.47,13746.342
9.785602,45.4826,0.08462142,0.011,551.56494,26823.75,16576.47,13746.342
9.785602,45.4826,0.08462142,0.011,551.56494,26918.814,16576.47,13746.342
9.740506,45.4826,0.08462142,0.011,551.56494,27013.867,16576.47,13746.342
9.695415,45.614468,0.08462142,0.011,551.56494,27108.934,16525.254,13746.342
9.695415,45.614468,0.08462142,0.011,551.56494,27203.986,16474.043,13746.342
9.650318,45.614468,0.08462142,0.011,551.56494,27299.05,16422.826,13746.342
9.605227,45.4826,0.08462142,0.011,551.56494,27394.104,16371.616,13746.342
9.560131,45.350754,0.08462142,0.011,551.56494,27489.17,16371.616,13746.342
9.469943,45.350754,0.08462142,0.011,551.56494,27584.223,16320.398,13746.342
9.424852,45.218887,0.08462142,0.011,551.56494,27584.223,16320.398,13746.342
9.379756,45.087025,0.08462142,0.011,551.56494,27679.287,16320.398,13746.342
9.334664,44.955173,0.08462142,0.011,551.56494,27679.287,16320.398,13746.342
9.244472,44.955173,0.08462142,0.011,551.56494,27679.287,16320.398,13746.342
9.19938,45.350754,0.08462142,0.011,551.56494,27679.287,16371.616,13746.342
9.154284,45.746315,0.08462142,0.011,551.56494,27679.287,16422.826,13746.342
9.109193,46.01003,0.08462142,0.011,551.56494,27679.287,16474.043,13746.342
9.064096,46.273746,0.08462142,0.011,551.56494,27584.223,16525.254,13746.342
9.019005,46.273746,0.08462142,0.011,551.56494,27584.223,16525.254,13746.342
8.973909,46.141895,0.08462142,0.011,551.56494,27584.223,16576.47,13746.342
8.928818,46.01003,0.08462142,0.011,551.56494,27489.17,16576.47,13746.342
8.928818,45.746315,0.08462142,0.011,551.56494,27394.104,16576.47,13746.342
8.883721,45.614468,0.08462142,0.011,551.56494,27299.05,16576.47,13746.342
8.883721,45.4826,0.08462142,0.011,551.56494,27299.05,16576.47,13746.342
8.838631,45.4826,0.08462142,0.011,551.56494,27203.986,16576.47,13746.342
8.838631,45.4826,0.08462142,0.011,551.56494,27108.934,16576.47,13746.342
8.859972,45.538372,0.08457347,0.011,550.217,27017.953,16558.82,13737.281
8.859972,45.538372,0.08457347,0.011,550.217,26921.473,16558.82,13737.281
8.859972,45.670647,0.08457347,0.011,550.217,26824.98,16507.367,13737.281
8.859972,45.670647,0.08457347,0.011,550.217,26728.486,16455.906,13737.281
8.904516,45.670647,0.08457347,0.011,550.217,26632.006,16404.453,13737.281
8.904516,45.538372,0.08457347,0.011,550.217,26535.512,16352.992,13737.281
8.949067,45.406113,0.08457347,0.011,550.217,26535.512,16352.992,13737.281
8.993611,45.406113,0.08457347,0.011,550.217,26439.031,16301.532,13737.281
9.038162,45.273834,0.08457347,0.011,550.217,26342.54,16301.532,13737.281
9.0827055,45.14156,0.08457347,0.011,550.217,26342.54,16301.532,13737.281
9.171801,45.0093,0.08457347,0.011,550.217,26246.059,16301.532,13737.281
9.2163515,45.0093,0.08457347,0.011,550.217,26246.059,16301.532,13737.281
9.260901,45.406113,0.08457347,0.011,550.217,26246.059,16352.992,13737.281
9.305446,45.802906,0.08457347,0.011,550.217,26246.059,16404.453,13737.281
9.394541,46.067436,0.08457347,0.011,550.217,26246.059,16455.906,13737.281
9.483635,46.331974,0.08457347,0.011,550.217,26246.059,16507.367,13737.281
9.528185,46.331974,0.08457347,0.011,550.217,26246.059,16507.367,13737.281
9.61728,46.199715,0.08457347,0.011,550.217,26246.059,16558.82,13737.281
9.661824,46.067436,0.08457347,0.011,550.217,26246.059,16558.82,13737.281
9.706375,45.802906,0.08457347,0.011,550.217,26342.54,16558.82,13737.281
9.750919,45.670647,0.08457347,0.011,550.217,26342.54,16558.82,13737.281
9.795469,45.538372,0.08457347,0.011,550.217,26439.031,16558.82,13737.281
9.8400135,45.538372,0.08457347,0.011,550.217,26439.031,16558.82,13737.281
9.8400135,45.538372,0.08457347,0.011,550.217,26535.512,16558.82,13737.281
9.8400135,45.538372,0.08457347,0.011,550.217,26632.006,16558.82,13737.281
9.8400135,45.538372,0.08457347,0.011,550.217,26728.486,16558.82,13737.281
9.8400135,45.670647,0.08457347,0.011,550.217,26824.98,16507.367,13737.281
9.8400135,45.670647,0.08457347,0.011,550.217,26921.473,16455.906,13737.281
9.795469,45.670647,0.08457347,0.011,550.217,27017.953,16404.453,13737.281
9.795469,45.538372,0.08457347,0.011,550.217,27114.447,16352.992,13737.281
9.750919,45.406113,0.08457347,0.011,550.217,27210.928,16352.992,13737.281
9.706375,45.406113,0.08457347,0.011,550.217,27307.422,16301.532,13737.281
9.706375,45.273834,0.08457347,16.5067,550.217,27403.902,16301.532,13737.281
9.661824,45.14156,0.08457347,43.99858,550.217,27500.395,16301.532,13737.281
9.61728,45.0093,0.08457347,98.983055,550.217,27500.395,16301.532,13737.281
9.572729,45.0093,0.08457347,93.48497,550.217,27596.877,16301.532,13737.281
9.528185,45.406113,0.08457347,98.983055,550.217,27693.37,16352.992,13737.281
9.483635,45.802906,0.08457347,87.98617,550.217,27693.37,16404.453,13737.281
9.439091,46.067436,0.08457347,131.97374,550.217,27693.37,16455.906,13737.281
9.349996,46.331974,0.08457347,120.97685,550.217,27693.37,16507.367,13737.281
9.305446,46.331974,0.08457347,302.426,550.217,27693.37,16507.367,13737.281
9.260901,46.199715,0.08457347,335.4167,550.217,27693.37,16558.82,13737.281
9.2163515,46.067436,0.08457347,401.39804,550.217,27693.37,16558.82,13737.281
9.171801,45.802906,0.08457347,467.37943,550.217,27596.877,16558.82,13737.281
9.127256,45.670647,0.08457347,527.86273,550.217,27596.877,16558.82,13737.281
9.0827055,45.538372,0.08457347,637.83167,550.217,27596.877,16558.82,13737.281
9.038162,45.538372,0.08457347,742.30255,550.217,27500.395,16558.82,13737.281
8.993611,45.538372,0.08457347,852.2715,550.217,27403.902,16558.82,13737.281
8.949067,45.538372,0.08457347,780.7913,550.217,27403.902,16558.82,13737.281
8.949067,45.538372,0.08457347,714.80994,550.217,27307.422,16558.82,13737.281
8.904516,45.670647,0.08457347,780.7913,550.217,27210.928,16507.367,13737.281
8.904516,45.670647,0.08457347,852.2715,550.217,27114.447,16455.906,13737.281
8.859972,45.670647,0.08457347,923.751,550.217,27017.953,16404.453,13737.281
8.859972,45.538372,0.08457347,984.23425,550.217,26921.473,16352.992,13737.281
8.859972,45.406113,0.08457347,1039.2188,550.217,26824.98,16352.992,13737.281
8.859972,45.406113,0.08457347,1099.7013,550.217,26728.486,16301.532,13737.281
8.859972,45.273834,0.08457347,1143.6896,550.217,26632.006,16301.532,13737.281
8.904516,45.14156,0.08457347,1132.6926,550.217,26535.512,16301.532,13737.281
8.904516,45.0093,0.08457347,1209.6709,550.217,26535.512,16301.532,13737.281
8.949067,45.0093,0.08457347,1220.6678,550.217,26439.031,16301.532,13737.281
8.993611,45.406113,0.08457347,1149.1876,550.217,26342.54,16352.992,13737.281
8.993611,45.802906,0.08457347,1138.1908,550.217,26342.54,16404.453,13737.281
9.038162,46.067436,0.08457347,1072.2094,550.217,26246.059,16455.906,13737.281
9.0827055,46.331974,0.08457347,1039.2188,550.217,26246.059,16507.367,13737.281
9.131211,46.34954,0.08452563,1055.0297,548.8724,26289.018,16528.648,13728.244
9.175126,46.21716,0.08452563,1074.495,548.8724,26289.018,16579.889,13728.244
9.262951,46.08476,0.08452563,1099.7999,548.8724,26289.018,16579.889,13728.244
9.30686,45.819973,0.08452563,1115.3721,548.8724,26289.018,16579.889,13728.244
9.350775,45.68759,0.08452563,1097.8533,548.8724,26289.018,16579.889,13728.244
9.438599,45.555195,0.08452563,1056.9761,548.8724,26289.018,16579.889,13728.244
9.482507,45.555195,0.08452563,1053.083,548.8724,26385.098,16579.889,13728.244
9.5264225,45.555195,0.08452563,1097.8533,548.8724,26385.098,16579.889,13728.244
9.614246,45.555195,0.08452563,1136.7838,548.8724,26481.164,16579.889,13728.244
9.658155,45.555195,0.08452563,1204.9125,548.8724,26481.164,16579.889,13728.244
9.70207,45.68759,0.08452563,1208.8054,548.8724,26577.242,16528.648,13728.244
9.70207,45.68759,0.08452563,1181.5541,548.8724,26673.309,16477.412,13728.244
9.745979,45.68759,0.08452563,1208.8054,548.8724,26769.387,16426.17,13728.244
9.745979,45.555195,0.08452563,1239.9498,548.8724,26865.465,16374.937,13728.244
9.789894,45.422813,0.08452563,1273.041,548.8724,26961.531,16374.937,13728.244
9.789894,45.422813,0.08452563,1294.4526,548.8724,27057.61,16323.694,13728.244
9.789894,45.290413,0.08452563,1341.1696,548.8724,27153.676,16323.694,13728.244
9.745979,45.158012,0.08452563,1348.9557,548.8724,27249.754,16323.694,13728.244
9.745979,45.02563,0.08452563,1358.6882,548.8724,27345.82,16323.694,13728.244
9.70207,45.02563,0.08452563,1343.116,548.8724,27441.898,16323.694,13728.244
9.70207,45.422813,0.08452563,1339.2229,548.8724,27537.965,16374.937,13728.244
9.658155,45.819973,0.08452563,1339.2229,548.8724,27634.043,16426.17,13728.244
9.614246,46.08476,0.08452563,1364.528,548.8724,27634.043,16477.412,13728.244
9.614246,46.34954,0.08452563,1345.0626,548.8724,27730.11,16528.648,13728.244
9.570332,46.34954,0.08452563,1341.1696,548.8724,27730.11,16528.648,13728.244
9.5264225,46.21716,0.08452563,1370.3673,548.8724,27730.11,16579.889,13728.244
9.482507,46.08476,0.08452563,1419.0306,548.8724,27730.11,16579.889,13728.244
9.438599,45.819973,0.08452563,1399.5653,548.8724,27730.11,16579.889,13728.244
9.394684,45.68759,0.08452563,1403.4584,548.8724,27730.11,16579.889,13728.244
9.350775,45.555195,0.08452563,1405.4048,548.8724,27730.11,16579.889,13728.244
9.30686,45.555195,0.08452563,1385.9396,548.8724,27730.11,16579.889,13728.244
9.262951,45.555195,0.08452563,1343.116,548.8724,27730.11,16579.889,13728.244
9.219036,45.555195,0.08452563,1259.4152,548.8724,27634.043,16579.889,13728.244
9.131211,45.555195,0.08452563,1278.8804,548.8724,27634.043,16579.889,13728.244
9.0872965,45.68759,0.08452563,1278.8804,548.8724,27537.965,16528.648,13728.244
9.043387,45.68759,0.08452563,1276.9341,548.8724,27537.965,16477.412,13728.244
8.999473,45.68759,0.08452563,1257.4688,548.8724,27441.898,16426.17,13728.244
8.999473,45.555195,0.08452563,1249.6826,548.8724,27345.82,16374.937,13728.244
8.9555645,45.422813,0.08452563,1249.6826,548.8724,27249.754,16374.937,13728.244
8.91165,45.422813,0.08452563,1218.5382,548.8724,27249.754,16323.694,13728.244
8.91165,45.290413,0.08452563,1206.859,548.8724,27057.61,16323.694,13728.244
8.91165,45.158012,0.08452563,1191.2865,548.8724,26961.531,16323.694,13728.244
8.86774,45.02563,0.08452563,1187.3936,548.8724,26961.531,16323.694,13728.244
8.86774,45.02563,0.08452563,1193.2333,548.8724,26865.465,16323.694,13728.244
8.86774,45.422813,0.08452563,1204.9125,548.8724,26769.387,16374.937,13728.244
8.86774,45.819973,0.08452563,1183.5005,548.8724,26673.309,16426.17,13728.244
8.86774,46.08476,0.08452563,1164.0352,548.8724,26577.242,16477.412,13728.244
8.91165,46.34954,0.08452563,1158.1957,548.8724,26481.164,16528.648,13728.244
8.91165,46.34954,0.08452563,1154.3026,548.8724,26481.164,16528.648,13728.244
8.9555645,46.21716,0.08452563,1134.8374,548.8724,26385.098,16579.889,13728.244
8.9555645,46.08476,0.08452563,1093.9602,548.8724,26385.098,16579.889,13728.244
8.999473,45.819973,0.08452563,1055.0297,548.8724,26289.018,16579.889,13728.244
9.043387,45.68759,0.08452563,984.95465,548.8724,26289.018,16579.889,13728.244
9.0872965,45.555195,0.08452563,977.1686,548.8724,26289.018,16579.889,13728.244
9.131211,45.555195,0.08452563,1006.3664,548.8724,26289.018,16579.889,13728.244
9.175126,45.555195,0.08452563,1002.4733,548.8724,26289.018,16579.889,13728.244
9.219036,45.555195,0.08452563,946.0241,548.8724,26289.018,16579.889,13728.244
9.262951,45.555195,0.08452563,918.7726,548.8724,26289.018,16579.889,13728.244
9.350775,45.68759,0.08452563,870.1095,548.8724,26385.098,16528.648,13728.244
9.394684,45.68759,0.08452563,829.2323,548.8724,26385.098,16477.412,13728.244
9.438599,45.68759,0.08452563,798.0878,548.8724,26481.164,16426.17,13728.244
9.5264225,45.555195,0.08452563,761.10376,548.8724,26481.164,16374.937,13728.244
9.570332,45.422813,0.08452563,714.3871,548.8724,26577.242,16374.937,13728.244
9.614246,45.422813,0.08452563,654.0446,548.8724,26673.309,16323.694,13728.244
9.662581,45.319626,0.08447791,592.0252,547.531,26742.088,16343.965,13719.228
9.706527,45.18701,0.08447791,533.6571,547.531,26837.24,16343.965,13719.228
9.706527,45.05441,0.08447791,500.30423,547.531,26932.404,16343.965,13719.228
9.706527,45.05441,0.08447791,458.61365,547.531,27027.557,16343.965,13719.228
9.750465,45.452244,0.08447791,433.59848,547.531,27122.72,16395.357,13719.228
9.750465,45.850063,0.08447791,400.24557,547.531,27217.873,16446.744,13719.228
9.750465,46.11528,0.08447791,366.8927,547.531,27313.037,16498.137,13719.228
9.750465,46.3805,0.08447791,325.20215,547.531,27408.19,16549.523,13719.228
9.750465,46.3805,0.08447791,283.5105,547.531,27503.354,16549.523,13719.228
9.706527,46.2479,0.08447791,233.48117,547.531,27598.506,16600.916,13719.228
9.706527,46.11528,0.08447791,200.12828,547.531,27598.506,16600.916,13719.228
9.662581,45.850063,0.08447791,133.42252,547.531,27693.672,16600.916,13719.228
9.618642,45.71746,0.08447791,125.08485,547.531,27693.672,16600.916,13719.228
9.618642,45.584843,0.08447791,91.73197,547.531,27693.672,16600.916,13719.228
9.574697,45.584843,0.08447791,50.04032,547.531,27693.672,16600.916,13719.228
9.530758,45.584843,0.08447791,25.026201,547.531,27693.672,16600.916,13719.228
9.486812,45.584843,0.08447791,8.349763,547.531,27693.672,16600.916,13719.228
9.442873,45.584843,0.08447791,0.011,547.531,27693.672,16600.916,13719.228
9.398928,45.71746,0.08447791,0.011,547.531,27693.672,16549.523,13719.228
9.354988,45.71746,0.08447791,0.011,547.531,27693.672,16498.137,13719.228
9.311044,45.71746,0.08447791,0.011,547.531,27693.672,16446.744,13719.228
9.267104,45.584843,0.08447791,0.011,547.531,27598.506,16395.357,13719.228
9.179219,45.452244,0.08447791,0.011,547.531,27598.506,16395.357,13719.228
9.135274,45.452244,0.08447791,0.011,547.531,27503.354,16343.965,13719.228
9.091329,45.319626,0.08447791,0.011,547.531,27503.354,16343.965,13719.228
9.04739,45.18701,0.08447791,0.011,547.531,27408.19,16343.965,13719.228
9.003444,45.05441,0.08447791,0.011,547.531,27408.19,16343.965,13719.228
8.959505,45.05441,0.08447791,0.011,547.531,27313.037,16343.965,13719.228
8.959505,45.452244,0.08447791,0.011,547.531,27217.873,16395.357,13719.228
8.959505,45.850063,0.08447791,0.011,547.531,27122.72,16446.744,13719.228
8.91556,46.11528,0.08447791,0.011,547.531,27027.557,16498.137,13719.228
8.91556,46.3805,0.08447791,0.011,547.531,26932.404,16549.523,13719.228
8.91556,46.3805,0.08447791,0.011,547.531,26837.24,16549.523,13719.228
8.87162,46.2479,0.08447791,0.011,547.531,26742.088,16600.916,13719.228
8.87162,46.11528,0.08447791,0.011,547.531,26646.924,16600.916,13719.228
8.87162,45.850063,0.08447791,0.011,547.531,26551.758,16600.916,13719.228
8.91556,45.71746,0.08447791,0.011,547.531,26456.605,16600.916,13719.228
8.91556,45.584843,0.08447791,0.011,547.531,26456.605,16600.916,13719.228
8.959505,45.584843,0.08447791,0.011,547.531,26361.441,16600.916,13719.228
8.959505,45.584843,0.08447791,0.011,547.531,26361.441,16600.916,13719.228
9.003444,45.584843,0.08447791,0.011,547.531,26266.29,16600.916,13719.228
9.003444,45.584843,0.08447791,0.011,547.531,26266.29,16600.916,13719.228
9.04739,45.71746,0.08447791,0.011,547.531,26266.29,16549.523,13719.228
9.091329,45.71746,0.08447791,0.011,547.531,26266.29,16498.137,13719.228
9.135274,45.71746,0.08447791,0.011,547.531,26266.29,16446.744,13719.228
9.179219,45.584843,0.08447791,0.011,547.531,26266.29,16395.357,13719.228
9.223159,45.452244,0.08447791,0.011,547.531,26361.441,16395.357,13719.228
9.267104,45.452244,0.08447791,0.011,547.531,26361.441,16343.965,13719.228
9.354988,45.319626,0.08447791,0.011,547.531,26361.441,16343.965,13719.228
9.398928,45.18701,0.08447791,0.011,547.531,26456.605,16343.965,13719.228
9.442873,45.05441,0.08447791,0.011,547.531,26456.605,16343.965,13719.228
9.486812,45.05441,0.08447791,0.011,547.531,26551.758,16343.965,13719.228
9.530758,45.452244,0.08447791,0.011,547.531,26646.924,16395.357,13719.228
9.574697,45.850063,0.08447791,0.011,547.531,26646.924,16446.744,13719.228
9.618642,46.11528,0.08447791,0.011,547.531,26742.088,16498.137,13719.228
9.662581,46.3805,0.08447791,0.011,547.531,26837.24,16549.523,13719.228
9.662581,46.3805,0.08447791,0.011,547.531,26932.404,16549.523,13719.228
9.706527,46.2479,0.08447791,0.011,547.531,27027.557,16600.916,13719.228
9.706527,46.11528,0.08447791,0.011,547.531,27122.72,16600.916,13719.228
9.706527,45.850063,0.08447791,0.011,547.531,27217.873,16600.916,13719.228
9.706527,45.71746,0.08447791,0.011,547.531,27313.037,16600.916,13719.228
9.706527,45.584843,0.08447791,0.011,547.531,27408.19,16600.916,13719.228
9.662581,45.584843,0.08447791,0.011,547.531,27503.354,16600.916,13719.228
9.662581,45.584843,0.08447791,0.011,547.531,27598.506,16600.916,13719.228
9.630092,45.640034,0.08443031,0.011,546.193,27633.648,16582.354,13710.235
9.630092,45.640034,0.08443031,0.011,546.193,27729.057,16582.354,13710.235
9.585452,45.77306,0.08443031,0.011,546.193,27729.057,16530.729,13710.235
9.540817,45.77306,0.08443031,0.011,546.193,27729.057,16479.098,13710.235
9.496178,45.77306,0.08443031,0.011,546.193,27729.057,16427.475,13710.235
9.451544,45.640034,0.08443031,0.011,546.193,27729.057,16375.844,13710.235
9.406904,45.507027,0.08443031,0.011,546.193,27729.057,16375.844,13710.235
9.36227,45.507027,0.08443031,0.011,546.193,27729.057,16324.212,13710.235
9.31763,45.374004,0.08443031,0.011,546.193,27729.057,16324.212,13710.235
9.272996,45.240982,0.08443031,0.011,546.193,27729.057,16324.212,13710.235
9.228356,45.107975,0.08443031,0.011,546.193,27729.057,16324.212,13710.235
9.183716,45.107975,0.08443031,0.011,546.193,27633.648,16324.212,13710.235
9.094442,45.507027,0.08443031,0.011,546.193,27633.648,16375.844,13710.235
9.0498085,45.906067,0.08443031,0.011,546.193,27633.648,16427.475,13710.235
9.005169,46.172096,0.08443031,0.011,546.193,27538.252,16479.098,13710.235
8.960534,46.438126,0.08443031,0.011,546.193,27538.252,16530.729,13710.235
8.960534,46.438126,0.08443031,0.011,546.193,27442.844,16530.729,13710.235
8.915895,46.30512,0.08443031,0.011,546.193,27347.45,16582.354,13710.235
8.915895,46.172096,0.08443031,0.011,546.193,27252.04,16582.354,13710.235
8.871261,45.906067,0.08443031,0.011,546.193,27156.645,16582.354,13710.235
8.871261,45.77306,0.08443031,0.011,546.193,27061.234,16582.354,13710.235
8.871261,45.640034,0.08443031,0.011,546.193,26965.838,16582.354,13710.235
8.871261,45.640034,0.08443031,0.011,546.193,26870.43,16582.354,13710.235
8.871261,45.640034,0.08443031,0.011,546.193,26775.033,16582.354,13710.235
8.871261,45.640034,0.08443031,0.011,546.193,26679.625,16582.354,13710.235
8.871261,45.640034,0.08443031,0.011,546.193,26584.215,16582.354,13710.235
8.871261,45.77306,0.08443031,0.011,546.193,26488.82,16530.729,13710.235
8.915895,45.77306,0.08443031,0.011,546.193,26393.412,16479.098,13710.235
8.915895,45.77306,0.08443031,0.011,546.193,26393.412,16427.475,13710.235
8.915895,45.640034,0.08443031,0.011,546.193,26298.016,16375.844,13710.235
8.960534,45.507027,0.08443031,0.011,546.193,26298.016,16375.844,13710.235
9.005169,45.507027,0.08443031,0.011,546.193,26298.016,16324.212,13710.235
9.0498085,45.374004,0.08443031,0.011,546.193,26298.016,16324.212,13710.235
9.094442,45.240982,0.08443031,0.011,546.193,26298.016,16324.212,13710.235
9.139083,45.107975,0.08443031,0.011,546.193,26298.016,16324.212,13710.235
9.183716,45.107975,0.08443031,0.011,546.193,26298.016,16324.212,13710.235
9.228356,45.507027,0.08443031,0.011,546.193,26393.412,16375.844,13710.235
9.272996,45.906067,0.08443031,0.011,546.193,26393.412,16427.475,13710.235
9.31763,46.172096,0.08443031,0.011,546.193,26393.412,16479.098,13710.235
9.36227,46.438126,0.08443031,0.011,546.193,26488.82,16530.729,13710.235
9.406904,46.438126,0.08443031,0.011,546.193,26488.82,16530.729,13710.235
9.451544,46.30512,0.08443031,0.011,546.193,26584.215,16582.354,13710.235
9.496178,46.172096,0.08443031,0.011,546.193,26679.625,16582.354,13710.235
9.540817,45.906067,0.08443031,0.011,546.193,26775.033,16582.354,13710.235
9.585452,45.77306,0.08443031,0.011,546.193,26870.43,16582.354,13710.235
9.630092,45.640034,0.08443031,0.011,546.193,26965.838,16582.354,13710.235
9.630092,45.640034,0.08443031,0.011,546.193,27061.234,16582.354,13710.235
9.630092,45.640034,0.08443031,0.011,546.193,27156.645,16582.354,13710.235
9.630092,45.640034,0.08443031,0.011,546.193,27252.04,16582.354,13710.235
9.6747265,45.640034,0.08443031,0.011,546.193,27347.45,16582.354,13710.235
9.630092,45.77306,0.08443031,0.011,546.193,27347.45,16530.729,13710.235
9.630092,45.77306,0.08443031,0.011,546.193,27442.844,16479.098,13710.235
9.630092,45.77306,0.08443031,0.011,546.193,27538.252,16427.475,13710.235
9.585452,45.640034,0.08443031,0.011,546.193,27633.648,16375.844,13710.235
9.585452,45.507027,0.08443031,0.011,546.193,27633.648,16375.844,13710.235
9.540817,45.507027,0.08443031,0.011,546.193,27633.648,16324.212,13710.235
9.540817,45.374004,0.08443031,0.011,546.193,27729.057,16324.212,13710.235
9.496178,45.240982,0.08443031,0.011,546.193,27729.057,16324.212,13710.235
9.451544,45.107975,0.08443031,0.011,546.193,27729.057,16324.212,13710.235
9.406904,45.107975,0.08443031,0.011,546.193,27729.057,16324.212,13710.235
9.36227,45.507027,0.08443031,0.011,546.193,27729.057,16375.844,13710.235
9.31763,45.906067,0.08443031,0.011,546.193,27729.057,16427.475,13710.235
9.272996,46.172096,0.08443031,0.011,546.193,27729.057,16479.098,13710.235
9.228356,46.438126,0.08443031,0.011,546.193,27729.057,16530.729,13710.235
9.18916,46.45598,0.08438282,0.011,544.85803,27753.79,16552.25,13701.264
9.144485,46.32284,0.08438282,0.011,544.85803,27656.873,16603.664,13701.264
9.099805,46.189693,0.08438282,0.011,544.85803,27656.873,16603.664,13701.264
9.05513,45.923412,0.08438282,0.011,544.85803,27559.97,16603.664,13701.264
9.010449,45.790283,0.08438282,0.011,544.85803,27559.97,16603.664,13701.264
8.965774,45.65713,0.08438282,0.011,544.85803,27463.055,16603.664,13701.264
8.965774,45.65713,0.08438282,0.011,544.85803,27366.152,16603.664,13701.264
8.921094,45.65713,0.08438282,0.011,544.85803,27269.234,16603.664,13701.264
8.921094,45.65713,0.08438282,0.011,544.85803,27172.332,16603.664,13701.264
8.921094,45.65713,0.08438282,0.011,544.85803,27075.416,16603.664,13701.264
8.876418,45.790283,0.08438282,0.011,544.85803,26978.514,16552.25,13701.264
8.876418,45.790283,0.08438282,0.011,544.85803,26881.598,16500.846,13701.264
8.876418,45.790283,0.08438282,0.011,544.85803,26784.68,16449.432,13701.264
8.876418,45.65713,0.08438282,0.011,544.85803,26590.861,16398.025,13701.264
8.876418,45.524002,0.08438282,0.011,544.85803,26590.861,16398.025,13701.264
8.876418,45.524002,0.08438282,0.011,544.85803,26493.959,16346.614,13701.264
8.921094,45.390854,0.08438282,0.011,544.85803,26397.043,16346.614,13701.264
8.921094,45.2577,0.08438282,0.011,544.85803,26397.043,16346.614,13701.264
8.921094,45.124573,0.08438282,0.011,544.85803,26300.139,16346.614,13701.264
8.965774,45.124573,0.08438282,0.011,544.85803,26300.139,16346.614,13701.264
9.010449,45.524002,0.08438282,0.011,544.85803,26300.139,16398.025,13701.264
9.05513,45.923412,0.08438282,0.011,544.85803,26203.223,16449.432,13701.264
9.099805,46.189693,0.08438282,0.011,544.85803,26203.223,16500.846,13701.264
9.144485,46.45598,0.08438282,0.011,544.85803,26300.139,16552.25,13701.264
9.18916,46.45598,0.08438282,0.011,544.85803,26300.139,16552.25,13701.264
9.233842,46.32284,0.08438282,0.011,544.85803,26300.139,16603.664,13701.264
9.278522,46.189693,0.08438282,0.011,544.85803,26397.043,16603.664,13701.264
9.323197,45.923412,0.08438282,0.011,544.85803,26397.043,16603.664,13701.264
9.367878,45.790283,0.08438282,0.011,544.85803,26493.959,16603.664,13701.264
9.412553,45.65713,0.08438282,0.011,544.85803,26590.861,16603.664,13701.264
9.457233,45.65713,0.08438282,0.011,544.85803,26687.777,16603.664,13701.264
9.501908,45.65713,0.08438282,0.011,544.85803,26784.68,16603.664,13701.264
9.54659,45.65713,0.08438282,0.011,544.85803,26881.598,16603.664,13701.264
9.591264,45.65713,0.08438282,0.011,544.85803,26978.514,16603.664,13701.264
9.591264,45.790283,0.08438282,0.011,544.85803,27075.416,16552.25,13701.264
9.635945,45.790283,0.08438282,0.011,544.85803,27172.332,16500.846,13701.264
9.635945,45.790283,0.08438282,0.011,544.85803,27269.234,16449.432,13701.264
9.635945,45.65713,0.08438282,0.011,544.85803,27366.152,16398.025,13701.264
9.635945,45.524002,0.08438282,0.011,544.85803,27463.055,16398.025,13701.264
9.635945,45.524002,0.08438282,0.011,544.85803,27463.055,16346.614,13701.264
9.635945,45.390854,0.08438282,0.011,544.85803,27559.97,16346.614,13701.264
9.635945,45.2577,0.08438282,0.011,544.85803,27656.873,16346.614,13701.264
9.591264,45.124573,0.08438282,0.011,544.85803,27656.873,16346.614,13701.264
9.591264,45.124573,0.08438282,0.011,544.85803,27753.79,16346.614,13701.264
9.54659,45.524002,0.08438282,0.011,544.85803,27753.79,16398.025,13701.264
9.501908,45.923412,0.08438282,0.011,544.85803,27753.79,16449.432,13701.264
9.501908,46.189693,0.08438282,0.011,544.85803,27753.79,16500.846,13701.264
9.457233,46.45598,0.08438282,0.011,544.85803,27753.79,16552.25,13701.264
9.412553,46.45598,0.08438282,16.5067,544.85803,27753.79,16552.25,13701.264
9.367878,46.32284,0.08438282,33.001686,544.85803,27753.79,16603.664,13701.264
9.323197,46.189693,0.08438282,65.99238,544.85803,27753.79,16603.664,13701.264
9.278522,45.923412,0.08438282,98.983055,544.85803,27753.79,16603.664,13701.264
9.233842,45.790283,0.08438282,148.46945,544.85803,27656.873,16603.664,13701.264
9.18916,45.65713,0.08438282,379.40427,544.85803,27656.873,16603.664,13701.264
9.144485,45.65713,0.08438282,522.3639,544.85803,27656.873,16603.664,13701.264
9.099805,45.65713,0.08438282,582.84717,544.85803,27559.97,16603.664,13701.264
9.05513,45.65713,0.08438282,659.82544,544.85803,27559.97,16603.664,13701.264
9.010449,45.65713,0.08438282,742.30255,544.85803,27463.055,16603.664,13701.264
9.010449,45.790283,0.08438282,802.7851,544.85803,27366.152,16552.25,13701.264
8.965774,45.790283,0.08438282,813.782,544.85803,27269.234,16500.846,13701.264
8.965774,45.790283,0.08438282,813.782,544.85803,27172.332,16449.432,13701.264
8.921094,45.65713,0.08438282,791.7882,544.85803,27075.416,16398.025,13701.264
8.921094,45.524002,0.08438282,742.30255,544.85803,26978.514,16398.025,13701.264
8.921094,45.524002,0.08438282,687.3173,544.85803,26881.598,16346.614,13701.264
8.94123,45.420197,0.08433545,659.6576,543.52655,26788.88,16366.919,13692.314
8.94123,45.28683,0.08433545,618.3844,543.52655,26691.2,16366.919,13692.314
8.94123,45.153477,0.08433545,593.0413,543.52655,26593.531,16366.919,13692.314
8.94123,45.153477,0.08433545,593.0413,543.52655,26495.85,16366.919,13692.314
8.94123,45.553566,0.08433545,607.5231,543.52655,26398.18,16418.484,13692.314
8.94123,45.953632,0.08433545,635.7626,543.52655,26398.18,16470.041,13692.314
8.9853735,46.220352,0.08433545,619.1086,543.52655,26300.498,16521.605,13692.314
9.029513,46.487072,0.08433545,593.0413,543.52655,26300.498,16573.162,13692.314
9.029513,46.487072,0.08433545,593.0413,543.52655,26300.498,16573.162,13692.314
9.073657,46.35372,0.08433545,593.0413,543.52655,26202.828,16624.727,13692.314
9.117795,46.220352,0.08433545,587.97266,543.52655,26300.498,16624.727,13692.314
9.16194,45.953632,0.08433545,592.31714,543.52655,26300.498,16624.727,13692.314
9.206083,45.820286,0.08433545,592.31714,543.52655,26300.498,16624.727,13692.314
9.250221,45.686916,0.08433545,595.21356,543.52655,26398.18,16624.727,13692.314
9.294366,45.686916,0.08433545,593.0413,543.52655,26398.18,16624.727,13692.314
9.338505,45.686916,0.08433545,593.0413,543.52655,26495.85,16624.727,13692.314
9.382649,45.686916,0.08433545,593.0413,543.52655,26593.531,16624.727,13692.314
9.426787,45.686916,0.08433545,601.7304,543.52655,26691.2,16624.727,13692.314
9.470931,45.820286,0.08433545,593.0413,543.52655,26788.88,16573.162,13692.314
9.51507,45.820286,0.08433545,614.76404,543.52655,26886.55,16521.605,13692.314
9.559214,45.820286,0.08433545,622.72894,543.52655,26886.55,16470.041,13692.314
9.603352,45.686916,0.08433545,642.2795,543.52655,27081.914,16418.484,13692.314
9.603352,45.553566,0.08433545,661.82996,543.52655,27179.584,16418.484,13692.314
9.647497,45.553566,0.08433545,674.1394,543.52655,27277.266,16366.919,13692.314
9.647497,45.420197,0.08433545,692.2417,543.52655,27374.936,16366.919,13692.314
9.647497,45.28683,0.08433545,692.2417,543.52655,27472.617,16366.919,13692.314
9.647497,45.153477,0.08433545,691.51764,543.52655,27472.617,16366.919,13692.314
9.647497,45.153477,0.08433545,674.8635,543.52655,27570.285,16366.919,13692.314
9.647497,45.553566,0.08433545,658.2094,543.52655,27667.967,16418.484,13692.314
9.647497,45.953632,0.08433545,633.59033,543.52655,27667.967,16470.041,13692.314
9.603352,46.220352,0.08433545,593.0413,543.52655,27765.639,16521.605,13692.314
9.603352,46.487072,0.08433545,593.0413,543.52655,27765.639,16573.162,13692.314
9.559214,46.487072,0.08433545,592.31714,543.52655,27765.639,16573.162,13692.314
9.559214,46.35372,0.08433545,608.9713,543.52655,27765.639,16624.727,13692.314
9.51507,46.220352,0.08433545,581.45575,543.52655,27765.639,16624.727,13692.314
9.470931,45.953632,0.08433545,593.0413,543.52655,27765.639,16624.727,13692.314
9.426787,45.820286,0.08433545,635.0385,543.52655,27765.639,16624.727,13692.314
9.382649,45.686916,0.08433545,686.449,543.52655,27765.639,16624.727,13692.314
9.338505,45.686916,0.08433545,694.41394,543.52655,27765.639,16624.727,13692.314
9.294366,45.686916,0.08433545,726.274,543.52655,27765.639,16624.727,13692.314
9.250221,45.686916,0.08433545,775.51215,543.52655,27765.639,16624.727,13692.314
9.206083,45.686916,0.08433545,794.3385,543.52655,27667.967,16624.727,13692.314
9.16194,45.820286,0.08433545,813.8889,543.52655,27667.967,16573.162,13692.314
9.117795,45.820286,0.08433545,790.718,543.52655,27570.285,16521.605,13692.314
9.073657,45.820286,0.08433545,774.7881,543.52655,27570.285,16470.041,13692.314
9.073657,45.686916,0.08433545,729.1703,543.52655,27472.617,16418.484,13692.314
9.029513,45.553566,0.08433545,653.86487,543.52655,27374.936,16418.484,13692.314
8.9853735,45.553566,0.08433545,622.72894,543.52655,27277.266,16366.919,13692.314
8.9853735,45.420197,0.08433545,632.1422,543.52655,27179.584,16366.919,13692.314
8.9853735,45.28683,0.08433545,640.83124,543.52655,27081.914,16366.919,13692.314
8.94123,45.153477,0.08433545,593.0413,543.52655,26984.232,16366.919,13692.314
8.94123,45.153477,0.08433545,599.5581,543.52655,26886.55,16366.919,13692.314
8.94123,45.553566,0.08433545,609.6954,543.52655,26788.88,16418.484,13692.314
8.94123,45.953632,0.08433545,614.76404,543.52655,26691.2,16470.041,13692.314
8.94123,46.220352,0.08433545,622.00494,543.52655,26593.531,16521.605,13692.314
8.94123,46.487072,0.08433545,622.72894,543.52655,26495.85,16573.162,13692.314
8.94123,46.487072,0.08433545,645.89996,543.52655,26495.85,16573.162,13692.314
8.94123,46.35372,0.08433545,595.21356,543.52655,26398.18,16624.727,13692.314
8.9853735,46.220352,0.08433545,592.31714,543.52655,26398.18,16624.727,13692.314
9.029513,45.953632,0.08433545,592.31714,543.52655,26300.498,16624.727,13692.314
9.029513,45.820286,0.08433545,592.31714,543.52655,26300.498,16624.727,13692.314
9.073657,45.686916,0.08433545,592.31714,543.52655,26300.498,16624.727,13692.314
9.117795,45.686916,0.08433545,557.56085,543.52655,26300.498,16624.727,13692.314
9.16194,45.686916,0.08433545,528.59717,543.52655,26300.498,16624.727,13692.314
9.190002,45.742428,0.084288195,528.88794,542.19824,26264.633,16606.107,13683.388
9.233704,45.742428,0.084288195,537.7766,542.19824,26361.26,16606.107,13683.388
9.277399,45.8762,0.084288195,555.55396,542.19824,26457.898,16554.312,13683.388
9.3211,45.8762,0.084288195,582.22003,542.19824,26554.521,16502.51,13683.388
9.364797,45.8762,0.084288195,551.1099,542.19824,26651.162,16450.713,13683.388
9.408498,45.742428,0.084288195,551.1099,542.19824,26747.787,16398.91,13683.388
9.452193,45.608665,0.084288195,573.33136,542.19824,26844.426,16398.91,13683.388
9.495894,45.608665,0.084288195,586.6646,542.19824,26941.064,16347.106,13683.388
9.539591,45.474888,0.084288195,591.1087,542.19824,27037.691,16347.106,13683.388
9.583291,45.341114,0.084288195,622.21936,542.19824,27134.33,16347.106,13683.388
9.583291,45.207355,0.084288195,604.442,542.19824,27230.955,16347.106,13683.388
9.626987,45.207355,0.084288195,604.442,542.19824,27327.594,16347.106,13683.388
9.626987,45.608665,0.084288195,591.1087,542.19824,27424.22,16398.91,13683.388
9.626987,46.00996,0.084288195,591.1087,542.19824,27520.857,16450.713,13683.388
9.626987,46.277496,0.084288195,591.1087,542.19824,27617.484,16502.51,13683.388
9.626987,46.545033,0.084288195,586.6646,542.19824,27714.123,16554.312,13683.388
9.626987,46.545033,0.084288195,591.1087,542.19824,27810.748,16554.312,13683.388
9.626987,46.41127,0.084288195,599.998,542.19824,27810.748,16606.107,13683.388
9.583291,46.277496,0.084288195,591.1087,542.19824,27810.748,16606.107,13683.388
9.583291,46.00996,0.084288195,591.1087,542.19824,27907.387,16606.107,13683.388
9.583291,45.8762,0.084288195,591.1087,542.19824,27907.387,16606.107,13683.388
9.539591,45.742428,0.084288195,591.1087,542.19824,27907.387,16606.107,13683.388
9.495894,45.742428,0.084288195,591.1087,542.19824,27907.387,16606.107,13683.388
9.495894,45.742428,0.084288195,591.1087,542.19824,27907.387,16606.107,13683.388
9.452193,45.742428,0.084288195,591.1087,542.19824,27907.387,16606.107,13683.388
9.408498,45.742428,0.084288195,591.1087,542.19824,27907.387,16606.107,13683.388
9.364797,45.8762,0.084288195,591.1087,542.19824,27907.387,16554.312,13683.388
9.3211,45.8762,0.084288195,591.1087,542.19824,27907.387,16502.51,13683.388
9.277399,45.8762,0.084288195,595.55334,542.19824,27907.387,16450.713,13683.388
9.233704,45.742428,0.084288195,595.55334,542.19824,27810.748,16398.91,13683.388
9.190002,45.608665,0.084288195,613.3307,542.19824,27810.748,16398.91,13683.388
9.146306,45.608665,0.084288195,608.8866,542.19824,27714.123,16347.106,13683.388
9.102606,45.474888,0.084288195,617.7753,542.19824,27617.484,16347.106,13683.388
9.058904,45.341114,0.084288195,622.21936,542.19824,27617.484,16347.106,13683.388
9.015208,45.207355,0.084288195,626.664,542.19824,27520.857,16347.106,13683.388
9.015208,45.207355,0.084288195,622.21936,542.19824,27424.22,16347.106,13683.388
8.971507,45.608665,0.084288195,626.664,542.19824,27327.594,16398.91,13683.388
8.971507,46.00996,0.084288195,626.664,542.19824,27230.955,16450.713,13683.388
8.927812,46.277496,0.084288195,608.8866,542.19824,27134.33,16502.51,13683.388
8.927812,46.545033,0.084288195,591.1087,542.19824,27037.691,16554.312,13683.388
8.927812,46.545033,0.084288195,591.1087,542.19824,26941.064,16554.312,13683.388
8.927812,46.41127,0.084288195,591.1087,542.19824,26844.426,16606.107,13683.388
8.927812,46.277496,0.084288195,591.1087,542.19824,26747.787,16606.107,13683.388
8.927812,46.00996,0.084288195,591.1087,542.19824,26651.162,16606.107,13683.388
8.927812,45.8762,0.084288195,591.1087,542.19824,26651.162,16606.107,13683.388
8.927812,45.742428,0.084288195,591.1087,542.19824,26554.521,16606.107,13683.388
8.971507,45.742428,0.084288195,591.1087,542.19824,26457.898,16606.107,13683.388
8.971507,45.742428,0.084288195,599.998,542.19824,26457.898,16606.107,13683.388
9.015208,45.742428,0.084288195,595.55334,542.19824,26361.26,16606.107,13683.388
9.058904,45.742428,0.084288195,626.664,542.19824,26361.26,16606.107,13683.388
9.058904,45.8762,0.084288195,626.664,542.19824,26361.26,16554.312,13683.388
9.102606,45.8762,0.084288195,604.442,542.19824,26361.26,16502.51,13683.388
9.146306,45.8762,0.084288195,613.3307,542.19824,26361.26,16450.713,13683.388
9.190002,45.742428,0.084288195,608.8866,542.19824,26361.26,16398.91,13683.388
9.233704,45.608665,0.084288195,622.21936,542.19824,26361.26,16398.91,13683.388
9.277399,45.608665,0.084288195,631.10803,542.19824,26457.898,16347.106,13683.388
9.3211,45.474888,0.084288195,626.664,542.19824,26554.521,16347.106,13683.388
9.364797,45.341114,0.084288195,613.3307,542.19824,26651.162,16347.106,13683.388
9.408498,45.207355,0.084288195,617.7753,542.19824,26747.787,16347.106,13683.388
9.452193,45.207355,0.084288195,599.998,542.19824,26844.426,16347.106,13683.388
9.495894,45.608665,0.084288195,608.8866,542.19824,26941.064,16398.91,13683.388
9.539591,46.00996,0.084288195,608.8866,542.19824,27037.691,16450.713,13683.388
9.583291,46.277496,0.084288195,595.55334,542.19824,27037.691,16502.51,13683.388
9.583291,46.545033,0.084288195,591.1087,542.19824,27134.33,16554.312,13683.388
9.567908,46.56299,0.084241055,592.19305,540.87317,27266.61,16575.904,13674.482
9.567908,46.4291,0.084241055,592.19305,540.87317,27362.797,16627.488,13674.482
9.567908,46.295197,0.084241055,592.19305,540.87317,27458.998,16627.488,13674.482
9.567908,46.02741,0.084241055,592.19305,540.87317,27555.184,16627.488,13674.482
9.567908,45.89352,0.084241055,592.19305,540.87317,27651.383,16627.488,13674.482
9.567908,45.75962,0.084241055,592.19305,540.87317,27747.57,16627.488,13674.482
9.567908,45.75962,0.084241055,592.19305,540.87317,27747.57,16627.488,13674.482
9.567908,45.75962,0.084241055,592.19305,540.87317,27843.77,16627.488,13674.482
9.567908,45.75962,0.084241055,592.19305,540.87317,27843.77,16627.488,13674.482
9.524015,45.75962,0.084241055,592.19305,540.87317,27939.957,16627.488,13674.482
9.524015,45.89352,0.084241055,592.19305,540.87317,27939.957,16575.904,13674.482
9.480119,45.89352,0.084241055,592.19305,540.87317,27939.957,16524.326,13674.482
9.436226,45.89352,0.084241055,592.19305,540.87317,27939.957,16472.742,13674.482
9.436226,45.75962,0.084241055,600.9661,540.87317,27939.957,16421.166,13674.482
9.392327,45.625736,0.084241055,600.9661,540.87317,27939.957,16421.166,13674.482
9.348435,45.625736,0.084241055,592.19305,540.87317,27939.957,16369.581,13674.482
9.304538,45.491833,0.084241055,605.35236,540.87317,27939.957,16369.581,13674.482
9.260645,45.35793,0.084241055,605.35236,540.87317,27939.957,16369.581,13674.482
9.216747,45.224045,0.084241055,605.35236,540.87317,27843.77,16369.581,13674.482
9.172854,45.224045,0.084241055,600.9661,540.87317,27843.77,16369.581,13674.482
9.128957,45.625736,0.084241055,600.9661,540.87317,27843.77,16421.166,13674.482
9.085059,46.02741,0.084241055,596.5793,540.87317,27747.57,16472.742,13674.482
9.041166,46.295197,0.084241055,596.5793,540.87317,27651.383,16524.326,13674.482
8.997268,46.56299,0.084241055,592.19305,540.87317,27651.383,16575.904,13674.482
8.953377,46.56299,0.084241055,592.19305,540.87317,27555.184,16575.904,13674.482
8.953377,46.4291,0.084241055,592.19305,540.87317,27458.998,16627.488,13674.482
8.909478,46.295197,0.084241055,592.19305,540.87317,27362.797,16627.488,13674.482
8.909478,46.02741,0.084241055,592.19305,540.87317,27266.61,16627.488,13674.482
8.909478,45.89352,0.084241055,592.19305,540.87317,27170.41,16627.488,13674.482
8.909478,45.75962,0.084241055,592.19305,540.87317,27074.223,16627.488,13674.482
8.865585,45.75962,0.084241055,592.19305,540.87317,26978.023,16627.488,13674.482
8.865585,45.75962,0.084241055,592.19305,540.87317,26881.836,16627.488,13674.482
8.909478,45.75962,0.084241055,592.19305,540.87317,26785.637,16627.488,13674.482
8.909478,45.75962,0.084241055,592.19305,540.87317,26689.436,16627.488,13674.482
8.909478,45.89352,0.084241055,596.5793,540.87317,26593.248,16575.904,13674.482
8.953377,45.89352,0.084241055,592.19305,540.87317,26593.248,16524.326,13674.482
8.953377,45.89352,0.084241055,592.19305,540.87317,26497.05,16472.742,13674.482
8.997268,45.75962,0.084241055,592.19305,540.87317,26497.05,16421.166,13674.482
8.997268,45.625736,0.084241055,592.19305,540.87317,26400.861,16421.166,13674.482
9.041166,45.625736,0.084241055,592.19305,540.87317,26400.861,16369.581,13674.482
9.085059,45.491833,0.084241055,592.19305,540.87317,26400.861,16369.581,13674.482
9.128957,45.35793,0.084241055,592.19305,540.87317,26400.861,16369.581,13674.482
9.128957,45.224045,0.084241055,592.19305,540.87317,26400.861,16369.581,13674.482
9.172854,45.224045,0.084241055,592.19305,540.87317,26497.05,16369.581,13674.482
9.216747,45.625736,0.084241055,592.19305,540.87317,26497.05,16421.166,13674.482
9.260645,46.02741,0.084241055,587.8063,540.87317,26593.248,16472.742,13674.482
9.304538,46.295197,0.084241055,592.19305,540.87317,26689.436,16524.326,13674.482
9.348435,46.56299,0.084241055,592.19305,540.87317,26785.637,16575.904,13674.482
9.392327,46.56299,0.084241055,592.19305,540.87317,26881.836,16575.904,13674.482
9.436226,46.4291,0.084241055,592.19305,540.87317,26978.023,16627.488,13674.482
9.480119,46.295197,0.084241055,592.19305,540.87317,27074.223,16627.488,13674.482
9.524015,46.02741,0.084241055,587.8063,540.87317,27170.41,16627.488,13674.482
9.524015,45.89352,0.084241055,592.19305,540.87317,27266.61,16627.488,13674.482
9.567908,45.75962,0.084241055,592.19305,540.87317,27362.797,16627.488,13674.482
9.567908,45.75962,0.084241055,592.19305,540.87317,27458.998,16627.488,13674.482
9.567908,45.75962,0.084241055,592.19305,540.87317,27555.184,16627.488,13674.482
9.567908,45.75962,0.084241055,592.19305,540.87317,27651.383,16627.488,13674.482
9.567908,45.75962,0.084241055,592.19305,540.87317,27651.383,16627.488,13674.482
9.567908,45.89352,0.084241055,596.5793,540.87317,27747.57,16575.904,13674.482
9.567908,45.89352,0.084241055,592.19305,540.87317,27843.77,16524.326,13674.482
9.524015,45.89352,0.084241055,596.5793,540.87317,27843.77,16472.742,13674.482
9.524015,45.75962,0.084241055,596.5793,540.87317,27843.77,16421.166,13674.482
9.480119,45.625736,0.084241055,600.9661,540.87317,27939.957,16421.166,13674.482
9.480119,45.625736,0.084241055,605.35236,540.87317,27939.957,16369.581,13674.482
9.449809,45.521343,0.08419403,600.19727,539.5514,27929.873,16389.955,13665.599
9.405507,45.38722,0.08419403,600.19727,539.5514,27929.873,16389.955,13665.599
9.405507,45.253117,0.08419403,600.19727,539.5514,27929.873,16389.955,13665.599
9.361198,45.253117,0.08419403,600.19727,539.5514,27929.873,16389.955,13665.599
9.3168955,45.655464,0.08419403,600.19727,539.5514,27929.873,16441.691,13665.599
9.272587,46.0578,0.08419403,600.19727,539.5514,27929.873,16493.42,13665.599
9.228284,46.32603,0.08419403,595.8161,539.5514,27929.873,16545.156,13665.599
9.183975,46.594257,0.08419403,591.4354,539.5514,27832.42,16596.885,13665.599
9.139667,46.594257,0.08419403,595.8161,539.5514,27832.42,16596.885,13665.599
9.095364,46.46015,0.08419403,591.4354,539.5514,27832.42,16648.621,13665.599
9.051055,46.32603,0.08419403,591.4354,539.5514,27734.955,16648.621,13665.599
9.006752,46.0578,0.08419403,591.4354,539.5514,27734.955,16648.621,13665.599
8.962443,45.923695,0.08419403,591.4354,539.5514,27637.5,16648.621,13665.599
8.962443,45.789574,0.08419403,591.4354,539.5514,27540.033,16648.621,13665.599
8.91814,45.789574,0.08419403,595.8161,539.5514,27442.582,16648.621,13665.599
8.91814,45.789574,0.08419403,595.8161,539.5514,27345.115,16648.621,13665.599
8.873832,45.789574,0.08419403,600.19727,539.5514,27247.662,16648.621,13665.599
