Date,Temperature,Humidity,Light,CO2,HumidityRatio,Occupancy
2015-02-09 06:26,19.39,26.39,0.0,463.0,0.0,0.0
2015-02-09 06:26,19.39,26.39,0.0,468.0,0.0,0.0
2015-02-09 06:29,19.39,26.39,0.0,461.0,0.0,0.0
2015-02-09 06:31,19.39,26.39,0.0,461.5,0.0,0.0
2015-02-09 06:33,19.39,26.39,0.0,463.0,0.0,0.0
2015-02-09 06:35,19.39,26.39,0.0,462.0,0.0,0.0
2015-02-09 06:37,19.39,26.39,0.0,461.0,0.0,0.0
2015-02-09 06:37,19.39,26.39,0.0,464.5,0.0,0.0
2015-02-09 06:37,19.39,26.39,0.0,463.0,0.0,0.0
2015-02-09 06:41,19.39,26.39,0.0,462.5,0.0,0.0
2015-02-09 06:45,19.39,26.39,0.0,462.5,0.0,0.0
2015-02-09 06:49,19.39,26.39,0.0,465.0,0.0,0.0
2015-02-09 06:49,19.39,26.39,0.0,468.0,0.0,0.0
2015-02-09 06:53,19.39,26.39,0.0,467.5,0.0,0.0
2015-02-09 06:56,19.39,26.39,0.0,464.0,0.0,0.0
2015-02-09 06:58,19.39,26.39,0.0,467.0,0.0,0.0
2015-02-09 07:01,19.39,26.39,0.0,467.0,0.0,0.0
2015-02-09 07:02,19.34,26.39,0.0,463.5,0.0,0.0
2015-02-09 07:04,19.39,26.39,0.0,462.0,0.0,0.0
2015-02-09 07:06,19.34,26.39,0.0,463.5,0.0,0.0
2015-02-09 07:08,19.36,26.39,0.0,464.33,0.0,0.0
2015-02-09 07:09,19.39,26.39,0.0,465.0,0.0,0.0
2015-02-09 07:10,19.29,26.39,0.0,464.0,0.0,0.0
2015-02-09 07:11,19.32,26.39,0.0,463.0,0.0,0.0
2015-02-09 07:12,19.34,26.39,0.0,462.5,0.0,0.0
2015-02-09 07:13,19.39,26.39,0.0,461.5,0.0,0.0
2015-02-09 07:14,19.39,26.39,0.0,461.0,0.0,0.0
2015-02-09 07:15,19.39,26.39,0.0,461.0,0.0,0.0
2015-02-09 07:17,19.39,26.39,0.0,461.0,0.0,0.0
2015-02-09 07:19,19.39,26.39,0.0,461.0,0.0,0.0
2015-02-09 07:21,19.39,26.39,0.0,461.0,0.0,0.0
2015-02-09 07:23,19.39,26.39,0.0,461.0,0.0,0.0
2015-02-09 07:25,19.39,26.39,0.0,468.0,0.0,0.0
2015-02-09 07:26,19.39,26.39,0.0,467.5,0.0,0.0
2015-02-09 07:28,19.39,26.39,0.0,463.0,0.0,0.0
2015-02-09 07:30,19.39,26.39,0.0,465.0,0.0,0.0
2015-02-09 07:32,19.39,26.39,0.0,466.5,0.0,0.0
2015-02-09 07:34,19.39,26.39,0.0,467.5,0.0,0.0
2015-02-09 07:34,19.39,26.39,0.0,462.5,0.0,0.0
2015-02-09 07:34,19.39,26.39,0.0,463.0,0.0,0.0
2015-02-09 07:37,19.39,26.39,0.0,462.5,0.0,0.0
2015-02-09 07:38,19.39,26.39,0.0,461.0,0.0,0.0
2015-02-09 07:40,19.39,26.39,0.0,461.0,0.0,0.0
2015-02-09 07:41,19.39,26.39,0.0,461.0,0.0,0.0
2015-02-09 07:43,19.39,26.39,0.0,461.0,0.0,0.0
2015-02-09 07:45,19.39,26.39,0.0,461.0,0.0,0.0
2015-02-09 07:47,19.39,26.39,0.0,461.0,0.0,0.0
2015-02-09 07:49,19.39,26.39,0.0,461.0,0.0,0.0
2015-02-09 07:51,19.39,26.39,0.0,461.0,0.0,0.0
2015-02-09 07:53,19.39,26.39,0.0,461.5,0.0,0.0
2015-02-09 07:53,19.39,26.39,0.0,461.0,0.0,0.0
2015-02-09 07:53,19.39,26.39,0.0,461.0,0.0,0.0
2015-02-09 07:56,19.39,26.39,0.0,461.0,0.0,0.0
2015-02-09 07:59,19.39,26.39,0.0,461.0,0.0,0.0
2015-02-09 07:59,19.39,26.39,0.0,461.0,0.0,0.0
2015-02-09 07:59,19.39,26.39,0.0,461.0,0.0,0.0
2015-02-09 07:59,19.39,26.39,0.0,461.0,0.0,0.0
2015-02-09 07:59,19.39,26.39,0.0,461.0,0.0,0.0
2015-02-09 08:00,19.39,26.39,0.0,461.0,0.0,0.0
2015-02-09 08:02,19.39,26.39,0.0,461.0,0.0,0.0
2015-02-09 08:04,19.39,26.39,0.0,461.0,0.0,0.0
2015-02-09 08:06,19.39,26.39,0.0,461.0,0.0,0.0
2015-02-09 08:08,19.39,26.39,0.0,461.0,0.0,0.0
2015-02-09 08:08,19.39,26.39,0.0,461.0,0.0,0.0
2015-02-09 08:11,19.39,26.39,0.0,461.0,0.0,0.0
2015-02-09 08:12,19.39,26.39,0.0,461.0,0.0,0.0
2015-02-09 08:14,19.39,26.39,0.0,461.0,0.0,0.0
2015-02-09 08:16,19.39,26.39,0.0,461.0,0.0,0.0
2015-02-09 08:18,19.39,26.39,0.0,461.0,0.0,0.0
2015-02-09 08:20,19.39,26.39,0.0,467.0,0.0,0.0
2015-02-09 08:22,19.39,26.39,0.0,468.0,0.0,0.0
2015-02-09 08:23,19.39,26.39,0.0,467.5,0.0,0.0
2015-02-09 08:24,19.39,26.39,0.0,466.0,0.0,0.0
2015-02-09 08:25,19.39,26.39,0.0,466.0,0.0,0.0
2015-02-09 08:27,19.39,26.39,0.0,466.0,0.0,0.0
2015-02-09 08:28,19.39,26.39,0.0,466.0,0.0,0.0
2015-02-09 08:30,19.39,26.39,0.0,466.0,0.0,0.0
2015-02-09 08:32,19.39,26.39,0.0,466.0,0.0,0.0
2015-02-09 08:34,19.39,26.39,0.0,466.0,0.0,0.0
2015-02-09 08:36,19.39,26.39,0.0,466.0,0.0,0.0
2015-02-09 08:38,19.39,26.39,0.0,466.0,0.0,0.0
2015-02-09 08:39,19.39,26.39,0.0,466.0,0.0,0.0
2015-02-09 08:40,19.39,26.39,0.0,466.0,0.0,0.0
2015-02-09 08:41,19.39,26.39,0.0,466.0,0.0,0.0
2015-02-09 08:42,19.34,26.39,0.0,466.5,0.0,0.0
2015-02-09 08:44,19.39,26.39,0.0,470.0,0.0,0.0
2015-02-09 08:46,19.39,26.39,0.0,467.5,0.0,0.0
2015-02-09 08:48,19.34,26.39,0.0,464.5,0.0,0.0
2015-02-09 08:50,19.29,26.39,0.0,466.0,0.0,0.0
2015-02-09 08:51,19.34,26.39,0.0,467.5,0.0,0.0
2015-02-09 08:53,19.29,26.39,0.0,464.5,0.0,0.0
2015-02-09 08:55,19.34,26.39,0.0,465.5,0.0,0.0
2015-02-09 08:56,19.29,26.39,0.0,464.5,0.0,0.0
2015-02-09 08:58,19.34,26.39,0.0,463.5,0.0,0.0
2015-02-09 09:00,19.29,26.39,0.0,462.0,0.0,0.0
2015-02-09 09:02,19.29,26.44,0.0,463.0,0.0,0.0
2015-02-09 09:04,19.29,26.5,0.0,463.0,0.0,0.0
2015-02-09 09:06,19.29,26.44,0.0,465.0,0.0,0.0
2015-02-09 09:08,19.29,26.44,0.0,465.0,0.0,0.0
2015-02-09 09:08,19.29,26.44,0.0,464.0,0.0,0.0
2015-02-09 09:11,19.29,26.44,0.0,467.5,0.0,0.0
2015-02-09 09:13,19.29,26.44,0.0,468.5,0.0,0.0
2015-02-09 09:15,19.29,26.5,0.0,464.0,0.0,0.0
2015-02-09 09:17,19.29,26.44,0.0,465.0,0.0,0.0
2015-02-09 09:19,19.29,26.44,0.0,466.5,0.0,0.0
2015-02-09 09:20,19.29,26.44,0.0,462.5,0.0,0.0
2015-02-09 09:21,19.29,26.5,0.0,463.0,0.0,0.0
2015-02-09 09:23,19.29,26.5,0.0,462.0,0.0,0.0
2015-02-09 09:25,19.29,26.5,0.0,461.0,0.0,0.0
2015-02-09 09:26,19.29,26.5,0.0,461.5,0.0,0.0
2015-02-09 09:28,19.29,26.5,0.0,460.5,0.0,0.0
2015-02-09 09:29,19.29,26.5,0.0,458.5,0.0,0.0
2015-02-09 09:30,19.29,26.5,0.0,458.0,0.0,0.0
2015-02-09 09:31,19.29,26.5,0.0,460.0,0.0,0.0
2015-02-09 09:31,19.29,26.5,0.0,463.0,0.0,0.0
2015-02-09 09:32,19.29,26.57,0.0,462.67,0.0,0.0
2015-02-09 09:35,19.29,26.5,0.0,461.0,0.0,0.0
2015-02-09 09:37,19.29,26.5,0.0,461.0,0.0,0.0
2015-02-09 09:39,19.29,26.5,0.0,460.5,0.0,0.0
2015-02-09 09:39,19.29,26.5,0.0,461.5,0.0,0.0
2015-02-09 09:40,19.29,26.5,0.0,460.0,0.0,0.0
2015-02-09 09:43,19.29,26.5,0.0,459.0,0.0,0.0
2015-02-09 09:43,19.29,26.5,0.0,464.5,0.0,0.0
2015-02-09 09:43,19.29,26.5,0.0,462.0,0.0,0.0
2015-02-09 09:46,19.29,26.5,0.0,461.5,0.0,0.0
2015-02-09 09:48,19.29,26.5,0.0,460.5,0.0,0.0
2015-02-09 09:48,19.29,26.5,0.0,462.5,0.0,0.0
2015-02-09 09:48,19.29,26.5,0.0,461.0,0.0,0.0
2015-02-09 09:51,19.29,26.5,0.0,463.75,0.0,0.0
2015-02-09 09:52,19.29,26.5,0.0,465.5,0.0,0.0
2015-02-09 09:52,19.29,26.5,0.0,464.0,0.0,0.0
2015-02-09 09:54,19.29,26.5,0.0,463.0,0.0,0.0
2015-02-09 09:56,19.29,26.5,0.0,461.0,0.0,0.0
2015-02-09 09:56,19.29,26.5,0.0,461.0,0.0,0.0
2015-02-09 09:59,19.29,26.5,0.0,460.5,0.0,0.0
2015-02-09 09:59,19.29,26.5,0.0,461.0,0.0,0.0
2015-02-09 09:59,19.29,26.5,0.0,461.0,0.0,0.0
2015-02-09 09:59,19.29,26.5,0.0,461.0,0.0,0.0
2015-02-09 09:59,19.29,26.5,0.0,461.0,0.0,0.0
2015-02-09 10:00,19.29,26.5,0.0,467.0,0.0,0.0
2015-02-09 10:02,19.29,26.5,0.0,468.5,0.0,0.0
2015-02-09 10:04,19.29,26.5,0.0,467.67,0.0,0.0
2015-02-09 10:06,19.34,26.5,0.0,465.5,0.0,0.0
2015-02-09 10:06,19.29,26.5,0.0,468.0,0.0,0.0
2015-02-09 10:09,19.29,26.5,0.0,464.5,0.0,0.0
2015-02-09 10:12,19.29,26.5,0.0,468.0,0.0,0.0
2015-02-09 10:13,19.29,26.5,0.0,467.0,0.0,0.0
2015-02-09 10:15,19.29,26.5,0.0,468.0,0.0,0.0
2015-02-09 10:15,19.29,26.5,0.0,467.0,0.0,0.0
2015-02-09 10:15,19.29,26.5,0.0,468.0,0.0,0.0
2015-02-09 10:18,19.29,26.5,0.0,468.0,0.0,0.0
2015-02-09 10:20,19.29,26.5,0.0,465.0,0.0,0.0
2015-02-09 10:20,19.29,26.5,0.0,466.0,0.0,0.0
2015-02-09 10:22,19.29,26.5,0.0,467.0,0.0,0.0
2015-02-09 10:22,19.29,26.5,0.0,469.0,0.0,0.0
2015-02-09 10:22,19.29,26.5,0.0,468.0,0.0,0.0
2015-02-09 10:24,19.29,26.5,0.0,465.0,0.0,0.0
2015-02-09 10:24,19.34,26.5,0.0,464.0,0.0,0.0
2015-02-09 10:24,19.29,26.5,0.0,469.0,0.0,0.0
2015-02-09 10:26,19.29,26.5,0.0,466.0,0.0,0.0
2015-02-09 10:27,19.29,26.5,0.0,466.0,0.0,0.0
2015-02-09 10:28,19.29,26.5,0.0,466.0,0.0,0.0
2015-02-09 10:29,19.29,26.5,0.0,466.0,0.0,0.0
2015-02-09 10:30,19.29,26.5,0.0,466.0,0.0,0.0
2015-02-09 10:31,19.29,26.5,0.0,466.0,0.0,0.0
2015-02-09 10:32,19.29,26.5,0.0,466.0,0.0,0.0
2015-02-09 10:34,19.29,26.5,0.0,466.0,0.0,0.0
2015-02-09 10:35,19.29,26.5,0.0,466.0,0.0,0.0
2015-02-09 10:37,19.29,26.5,0.0,466.0,0.0,0.0
2015-02-09 10:37,19.29,26.5,0.0,466.0,0.0,0.0
2015-02-09 10:38,19.29,26.5,0.0,466.0,0.0,0.0
2015-02-09 10:40,19.29,26.5,0.0,466.0,0.0,0.0
2015-02-09 10:40,19.29,26.55,0.0,466.0,0.0,0.0
2015-02-09 10:41,19.29,26.5,0.0,466.0,0.0,0.0
2015-02-09 10:43,19.29,26.5,0.0,466.0,0.0,0.0
2015-02-09 10:44,19.29,26.55,0.0,466.0,0.0,0.0
2015-02-09 10:45,19.29,26.5,0.0,466.0,0.0,0.0
2015-02-09 10:46,19.29,26.5,0.0,466.0,0.0,0.0
2015-02-09 10:46,19.29,26.55,0.0,466.5,0.0,0.0
2015-02-09 10:47,19.29,26.5,0.0,466.0,0.0,0.0
2015-02-09 10:49,19.29,26.5,0.0,466.0,0.0,0.0
2015-02-09 10:50,19.29,26.5,0.0,468.0,0.0,0.0
2015-02-09 10:52,19.29,26.5,0.0,467.5,0.0,0.0
2015-02-09 10:52,19.29,26.5,0.0,468.0,0.0,0.0
2015-02-09 10:55,19.29,26.5,0.0,464.0,0.0,0.0
2015-02-09 10:55,19.34,26.5,0.0,464.0,0.0,0.0
2015-02-09 10:57,19.29,26.5,0.0,469.0,0.0,0.0
2015-02-09 10:57,19.29,26.5,0.0,467.0,0.0,0.0
2015-02-09 10:57,19.29,26.5,0.0,468.0,0.0,0.0
2015-02-09 10:59,19.29,26.5,0.0,463.0,0.0,0.0
2015-02-09 10:59,19.29,26.5,0.0,466.0,0.0,0.0
2015-02-09 10:59,19.29,26.5,0.0,466.0,0.0,0.0
2015-02-09 10:59,19.29,26.5,0.0,464.5,0.0,0.0
2015-02-09 10:59,19.29,26.5,0.0,463.5,0.0,0.0
2015-02-09 10:59,19.29,26.5,0.0,462.5,0.0,0.0
2015-02-09 10:59,19.29,26.5,0.0,463.0,0.0,0.0
2015-02-09 11:00,19.29,26.5,0.0,462.5,0.0,0.0
2015-02-09 11:02,19.29,26.5,0.0,462.0,0.0,0.0
2015-02-09 11:04,19.29,26.5,0.0,461.0,0.0,0.0
2015-02-09 11:06,19.29,26.5,0.0,461.0,0.0,0.0
2015-02-09 11:08,19.29,26.5,0.0,461.0,0.0,0.0
2015-02-09 11:08,19.29,26.5,0.0,463.0,0.0,0.0
2015-02-09 11:08,19.29,26.5,0.0,462.0,0.0,0.0
2015-02-09 11:11,19.29,26.5,0.0,461.5,0.0,0.0
2015-02-09 11:11,19.29,26.5,0.0,467.0,0.0,0.0
2015-02-09 11:14,19.29,26.5,0.0,466.5,0.0,0.0
2015-02-09 11:14,19.29,26.5,0.0,462.0,0.0,0.0
2015-02-09 11:14,19.29,26.5,0.0,463.0,0.0,0.0
2015-02-09 11:16,19.29,26.5,0.0,462.0,0.0,0.0
2015-02-09 11:17,19.29,26.5,0.0,464.0,0.0,0.0
2015-02-09 11:18,19.29,26.5,0.0,465.0,0.0,0.0
2015-02-09 11:19,19.29,26.5,0.0,464.5,0.0,0.0
2015-02-09 11:20,19.29,26.5,0.0,463.0,0.0,0.0
2015-02-09 11:21,19.29,26.5,0.0,461.0,0.0,0.0
2015-02-09 11:21,19.29,26.5,0.0,460.0,0.0,0.0
2015-02-09 11:23,19.29,26.5,0.0,458.0,0.0,0.0
2015-02-09 11:24,19.29,26.5,0.0,462.0,0.0,0.0
2015-02-09 11:25,19.29,26.55,0.0,461.5,0.0,0.0
2015-02-09 11:27,19.29,26.55,0.0,457.0,0.0,0.0
2015-02-09 11:27,19.29,26.6,0.0,458.0,0.0,0.0
2015-02-09 11:28,19.29,26.6,0.0,461.5,0.0,0.0
2015-02-09 11:31,19.29,26.6,0.0,461.0,0.0,0.0
2015-02-09 11:32,19.29,26.6,0.0,460.0,0.0,0.0
2015-02-09 11:32,19.29,26.6,0.0,456.0,0.0,0.0
2015-02-09 11:35,19.29,26.6,0.0,457.0,0.0,0.0
2015-02-09 11:36,19.29,26.6,0.0,462.0,0.0,0.0
2015-02-09 11:36,19.29,26.6,0.0,464.0,0.0,0.0
2015-02-09 11:38,19.29,26.6,0.0,463.0,0.0,0.0
2015-02-09 11:40,19.29,26.6,0.0,462.5,0.0,0.0
2015-02-09 11:40,19.29,26.6,0.0,463.0,0.0,0.0
2015-02-09 11:41,19.29,26.6,0.0,461.0,0.0,0.0
2015-02-09 11:43,19.29,26.6,0.0,460.0,0.0,0.0
2015-02-09 11:44,19.29,26.6,0.0,458.0,0.0,0.0
2015-02-09 11:45,19.29,26.6,0.0,460.0,0.0,0.0
2015-02-09 11:45,19.29,26.6,0.0,461.0,0.0,0.0
2015-02-09 11:47,19.29,26.6,0.0,465.33,0.0,0.0
2015-02-09 11:48,19.29,26.6,0.0,466.5,0.0,0.0
2015-02-09 11:50,19.29,26.6,0.0,462.67,0.0,0.0
2015-02-09 11:50,19.29,26.6,0.0,463.0,0.0,0.0
2015-02-09 11:50,19.29,26.6,0.0,462.0,0.0,0.0
2015-02-09 11:51,19.29,26.6,0.0,461.0,0.0,0.0
2015-02-09 11:54,19.29,26.6,0.0,460.5,0.0,0.0
2015-02-09 11:55,19.29,26.6,0.0,460.0,0.0,0.0
2015-02-09 11:55,19.29,26.6,0.0,458.0,0.0,0.0
2015-02-09 11:57,19.29,26.6,0.0,463.0,0.0,0.0
2015-02-09 11:58,19.29,26.6,0.0,462.0,0.0,0.0
2015-02-09 11:58,19.29,26.6,0.0,461.0,0.0,0.0
2015-02-09 12:00,19.29,26.6,0.0,460.0,0.0,0.0
2015-02-09 12:01,19.29,26.6,0.0,460.0,0.0,0.0
2015-02-09 12:02,19.29,26.6,0.0,458.0,0.0,0.0
2015-02-09 12:03,19.29,26.6,0.0,460.0,0.0,0.0
2015-02-09 12:04,19.29,26.6,0.0,460.0,0.0,0.0
2015-02-09 12:04,19.24,26.55,0.0,460.0,0.0,0.0
2015-02-09 12:06,19.29,26.7,0.0,460.0,0.0,0.0
2015-02-09 12:07,19.29,26.7,0.0,459.0,0.0,0.0
2015-02-09 12:07,19.29,26.7,0.0,466.0,0.0,0.0
2015-02-09 12:08,19.29,26.7,0.0,466.0,0.0,0.0
2015-02-09 12:11,19.29,26.7,0.0,466.0,0.0,0.0
2015-02-09 12:12,19.29,26.7,0.0,466.0,0.0,0.0
2015-02-09 12:14,19.29,26.7,0.0,466.0,0.0,0.0
2015-02-09 12:16,19.29,26.7,0.0,466.0,0.0,0.0
2015-02-09 12:18,19.34,26.7,0.0,466.5,0.0,0.0
2015-02-09 12:20,19.29,26.7,0.0,467.0,0.0,0.0
2015-02-09 12:21,19.29,26.7,0.0,468.0,0.0,0.0
2015-02-09 12:21,19.29,26.7,0.0,464.5,0.0,0.0
2015-02-09 12:23,19.29,26.7,0.0,465.0,0.0,0.0
2015-02-09 12:24,19.29,26.7,0.0,468.0,0.0,0.0
2015-02-09 12:25,19.29,26.7,0.0,465.0,0.0,0.0
2015-02-09 12:25,19.29,26.7,0.0,467.0,0.0,0.0
2015-02-09 12:27,19.29,26.7,0.0,468.0,0.0,0.0
2015-02-09 12:28,19.29,26.7,0.0,469.0,0.0,0.0
2015-02-09 12:30,19.29,26.7,0.0,464.0,0.0,0.0
2015-02-09 12:30,19.29,26.7,0.0,465.0,0.0,0.0
2015-02-09 12:31,19.29,26.7,0.0,466.0,0.0,0.0
2015-02-09 12:32,19.29,26.79,0.0,464.0,0.0,0.0
2015-02-09 12:33,19.29,26.79,0.0,467.0,0.0,0.0
2015-02-09 12:34,19.29,26.89,0.0,469.0,0.0,0.0
2015-02-09 12:34,19.29,26.89,0.0,462.0,0.0,0.0
2015-02-09 12:36,19.29,26.89,0.0,463.0,0.0,0.0
2015-02-09 12:37,19.29,26.89,0.0,462.0,0.0,0.0
2015-02-09 12:38,19.29,26.89,0.0,461.0,0.0,0.0
2015-02-09 12:38,19.29,26.89,0.0,464.0,0.0,0.0
2015-02-09 12:40,19.29,26.89,0.0,465.0,0.0,0.0
2015-02-09 12:41,19.29,26.89,0.0,466.0,0.0,0.0
2015-02-09 12:43,19.29,26.89,0.0,464.5,0.0,0.0
2015-02-09 12:43,19.29,26.89,0.0,465.0,0.0,0.0
2015-02-09 12:44,19.29,26.89,0.0,466.0,0.0,0.0
2015-02-09 12:46,19.29,26.89,0.0,463.0,0.0,0.0
2015-02-09 12:48,19.29,26.89,0.0,462.0,0.0,0.0
2015-02-09 12:50,19.29,26.89,0.0,464.0,0.0,0.0
2015-02-09 12:50,19.29,27.0,0.0,465.0,0.0,0.0
2015-02-09 12:50,19.29,27.0,0.0,466.0,0.0,0.0
2015-02-09 12:53,19.29,27.0,0.0,464.5,0.0,0.0
2015-02-09 12:54,19.29,27.1,0.0,465.0,0.0,0.0
2015-02-09 12:56,19.29,27.05,0.0,463.5,0.0,0.0
2015-02-09 12:58,19.29,27.05,0.0,462.0,0.0,0.0
2015-02-09 13:00,19.29,27.0,0.0,461.0,0.0,0.0
2015-02-09 13:00,19.29,27.0,0.0,461.0,0.0,0.0
2015-02-09 13:02,19.29,27.0,0.0,460.0,0.0,0.0
2015-02-09 13:04,19.29,27.0,0.0,458.0,0.0,0.0
2015-02-09 13:06,19.29,27.03,0.0,456.33,0.0,0.0
2015-02-09 13:09,19.29,27.05,0.0,454.5,0.0,0.0
2015-02-09 13:10,19.29,27.03,0.0,456.67,0.0,0.0
2015-02-09 13:11,19.29,27.0,0.0,454.0,0.0,0.0
2015-02-09 13:14,19.29,27.0,0.0,457.0,0.0,0.0
2015-02-09 13:14,19.29,27.0,0.0,458.0,0.0,0.0
2015-02-09 13:17,19.29,27.0,0.0,456.0,0.0,0.0
2015-02-09 13:17,19.29,27.07,0.0,454.0,0.0,0.0
2015-02-09 13:20,19.29,27.1,0.0,451.0,0.0,0.0
2015-02-09 13:23,19.29,27.1,0.0,457.67,0.0,0.0
2015-02-09 13:23,19.29,27.1,0.0,458.0,0.0,0.0
2015-02-09 13:27,19.29,27.1,0.0,456.0,0.0,0.0
2015-02-09 13:27,19.29,27.1,0.0,457.0,0.0,0.0
2015-02-09 13:27,19.29,27.1,0.0,456.0,0.0,0.0
2015-02-09 13:30,19.29,27.1,0.0,454.0,0.0,0.0
2015-02-09 13:32,19.29,27.1,0.0,454.5,0.0,0.0
2015-02-09 13:34,19.29,27.1,0.0,458.0,0.0,0.0
2015-02-09 13:34,19.29,27.1,0.0,457.0,0.0,0.0
2015-02-09 13:36,19.29,27.1,0.0,453.0,0.0,0.0
2015-02-09 13:38,19.29,27.1,0.0,452.0,0.0,0.0
2015-02-09 13:38,19.29,27.1,0.0,454.0,0.0,0.0
2015-02-09 13:39,19.29,27.1,0.0,455.0,0.0,0.0
2015-02-09 13:39,19.29,27.1,0.0,456.0,0.0,0.0
2015-02-09 13:41,19.29,27.1,0.0,452.33,0.0,0.0
2015-02-09 13:41,19.29,27.1,0.0,453.0,0.0,0.0
2015-02-09 13:42,19.29,27.1,0.0,452.0,0.0,0.0
2015-02-09 13:45,19.29,27.1,0.0,447.0,0.0,0.0
2015-02-09 13:46,19.29,27.1,0.0,453.0,0.0,0.0
2015-02-09 13:46,19.29,27.1,0.0,448.0,0.0,0.0
2015-02-09 13:49,19.29,27.1,0.0,448.0,0.0,0.0
2015-02-09 13:49,19.29,27.1,0.0,448.0,0.0,0.0
2015-02-09 13:52,19.29,27.1,0.0,448.0,0.0,0.0
2015-02-09 13:52,19.29,27.1,0.0,448.0,0.0,0.0
2015-02-09 13:55,19.29,27.1,0.0,448.0,0.0,0.0
2015-02-09 13:58,19.29,27.1,0.0,448.0,0.0,0.0
2015-02-09 13:58,19.29,27.1,0.0,448.0,0.0,0.0
2015-02-09 14:01,19.29,27.1,0.0,448.0,0.0,0.0
2015-02-09 14:01,19.29,27.1,0.0,447.0,0.0,0.0
2015-02-09 14:01,19.29,27.1,0.0,446.0,0.0,0.0
2015-02-09 14:03,19.29,27.1,0.0,443.0,0.0,0.0
2015-02-09 14:03,19.29,27.1,0.0,440.0,0.0,0.0
2015-02-09 14:04,19.29,27.1,0.0,443.0,0.0,0.0
2015-02-09 14:06,19.29,27.1,0.0,440.0,0.0,0.0
2015-02-09 14:07,19.29,27.1,0.0,443.0,0.0,0.0
2015-02-09 14:09,19.29,27.1,0.0,440.5,0.0,0.0
2015-02-09 14:09,19.29,27.1,0.0,439.0,0.0,0.0
2015-02-09 14:09,19.29,27.1,0.0,441.0,0.0,0.0
2015-02-09 14:09,19.29,27.1,0.0,438.0,0.0,0.0
2015-02-09 14:12,19.29,27.1,0.0,437.0,0.0,0.0
2015-02-09 14:13,19.29,27.1,0.0,437.0,0.0,0.0
2015-02-09 14:16,19.29,27.1,0.0,438.0,0.0,0.0
2015-02-09 14:18,19.29,27.1,0.0,439.5,0.0,0.0
2015-02-09 14:20,19.29,27.1,0.0,438.0,0.0,0.0
2015-02-09 14:20,19.29,27.1,0.0,438.0,0.0,0.0
2015-02-09 14:21,19.29,27.1,0.0,439.5,0.0,0.0
2015-02-09 14:24,19.29,27.1,0.0,436.0,0.0,0.0
2015-02-09 14:25,19.29,27.1,0.0,436.0,0.0,0.0
2015-02-09 14:27,19.29,27.1,0.0,436.0,0.0,0.0
2015-02-09 14:27,19.29,27.1,0.0,439.0,0.0,0.0
2015-02-09 14:27,19.29,27.1,0.0,438.0,0.0,0.0
2015-02-09 14:27,19.29,27.1,0.0,438.0,0.0,0.0
2015-02-09 14:30,19.29,27.1,0.0,438.0,0.0,0.0
2015-02-09 14:32,19.29,27.1,0.0,438.0,0.0,0.0
2015-02-09 14:34,19.29,27.1,0.0,438.0,0.0,0.0
2015-02-09 14:34,19.29,27.1,0.0,438.0,0.0,0.0
2015-02-09 14:35,19.29,27.1,0.0,438.0,0.0,0.0
2015-02-09 14:37,19.29,27.1,0.0,438.0,0.0,0.0
2015-02-09 14:38,19.29,27.1,0.0,438.0,0.0,0.0
2015-02-09 14:38,19.29,27.1,0.0,436.0,0.0,0.0
2015-02-09 14:40,19.29,27.1,0.0,433.0,0.0,0.0
2015-02-09 14:40,19.29,27.1,0.0,432.0,0.0,0.0
2015-02-09 14:41,19.29,27.1,0.0,431.0,0.0,0.0
2015-02-09 14:43,19.29,27.1,0.0,436.0,0.0,0.0
2015-02-09 14:44,19.29,27.2,0.0,439.0,0.0,0.0
2015-02-09 14:45,19.29,27.2,0.0,436.0,0.0,0.0
2015-02-09 14:45,19.29,27.24,0.0,436.5,0.0,0.0
2015-02-09 14:47,19.29,27.29,0.0,438.0,0.0,0.0
2015-02-09 14:47,19.29,27.2,0.0,439.5,0.0,0.0
2015-02-09 14:47,19.29,27.23,0.0,437.0,0.0,0.0
2015-02-09 14:50,19.29,27.2,0.0,435.0,0.0,0.0
2015-02-09 14:50,19.29,27.29,0.0,438.0,0.0,0.0
2015-02-09 14:53,19.29,27.2,0.0,439.5,0.0,0.0
2015-02-09 14:55,19.29,27.29,0.0,436.33,0.0,0.0
2015-02-09 14:55,19.29,27.29,0.0,438.0,0.0,0.0
2015-02-09 14:55,19.29,27.29,0.0,438.0,0.0,0.0
2015-02-09 14:57,19.29,27.29,0.0,438.0,0.0,0.0
2015-02-09 14:58,19.29,27.29,0.0,438.0,0.0,0.0
2015-02-09 15:00,19.29,27.29,0.0,438.0,0.0,0.0
2015-02-09 15:02,19.29,27.29,0.0,438.0,0.0,0.0
2015-02-09 15:04,19.29,27.29,0.0,438.0,0.0,0.0
2015-02-09 15:06,19.29,27.29,0.0,438.0,0.0,0.0
2015-02-09 15:08,19.29,27.29,0.0,438.0,0.0,0.0
2015-02-09 15:08,19.29,27.29,0.0,438.0,0.0,0.0
2015-02-09 15:11,19.29,27.29,0.0,438.0,0.0,0.0
2015-02-09 15:13,19.29,27.29,0.0,438.0,0.0,0.0
2015-02-09 15:15,19.29,27.29,0.0,438.0,0.0,0.0
2015-02-09 15:17,19.29,27.29,0.0,438.0,0.0,0.0
2015-02-09 15:17,19.29,27.29,0.0,438.0,0.0,0.0
2015-02-09 15:20,19.29,27.29,0.0,438.0,0.0,0.0
2015-02-09 15:23,19.29,27.29,0.0,438.0,0.0,0.0
2015-02-09 15:25,19.29,27.29,0.0,438.0,0.0,0.0
2015-02-09 15:27,19.29,27.29,0.0,436.0,0.0,0.0
2015-02-09 15:27,19.29,27.29,0.0,438.0,0.0,0.0
2015-02-09 15:30,19.29,27.29,0.0,438.0,0.0,0.0
2015-02-09 15:32,19.29,27.29,0.0,438.0,0.0,0.0
2015-02-09 15:34,19.29,27.29,0.0,438.0,0.0,0.0
2015-02-09 15:36,19.29,27.29,0.0,438.0,0.0,0.0
2015-02-09 15:38,19.29,27.29,0.0,438.0,0.0,0.0
2015-02-09 15:40,19.29,27.29,0.0,438.0,0.0,0.0
2015-02-09 15:41,19.29,27.29,0.0,438.0,0.0,0.0
2015-02-09 15:43,19.29,27.29,0.0,438.0,0.0,0.0
2015-02-09 15:45,19.29,27.29,0.0,438.0,0.0,0.0
2015-02-09 15:47,19.29,27.29,0.0,438.0,0.0,0.0
2015-02-09 15:47,19.29,27.29,0.0,438.0,0.0,0.0
2015-02-09 15:47,19.29,27.29,0.0,438.0,0.0,0.0
2015-02-09 15:49,19.29,27.29,0.0,438.0,0.0,0.0
2015-02-09 15:51,19.29,27.29,0.0,438.0,0.0,0.0
2015-02-09 15:53,19.29,27.29,0.0,436.0,0.0,0.0
2015-02-09 15:55,19.29,27.29,0.0,438.0,0.0,0.0
2015-02-09 15:55,19.29,27.29,0.0,437.0,0.0,0.0
2015-02-09 15:57,19.29,27.29,0.0,438.0,0.0,0.0
2015-02-09 15:58,19.29,27.29,0.0,438.0,0.0,0.0
2015-02-09 16:00,19.29,27.29,0.0,438.0,0.0,0.0
2015-02-09 16:02,19.29,27.29,0.0,438.0,0.0,0.0
2015-02-09 16:02,19.29,27.29,0.0,438.0,0.0,0.0
2015-02-09 16:05,19.29,27.29,0.0,438.0,0.0,0.0
2015-02-09 16:07,19.29,27.29,0.0,438.0,0.0,0.0
2015-02-09 16:08,19.29,27.29,0.0,438.0,0.0,0.0
2015-02-09 16:10,19.29,27.29,0.0,438.0,0.0,0.0
2015-02-09 16:11,19.29,27.29,0.0,438.0,0.0,0.0
2015-02-09 16:13,19.29,27.29,0.0,438.0,0.0,0.0
2015-02-09 16:15,19.29,27.29,0.0,438.0,0.0,0.0
2015-02-09 16:17,19.29,27.29,0.0,438.0,0.0,0.0
2015-02-09 16:17,19.29,27.29,0.0,438.0,0.0,0.0
2015-02-09 16:19,19.29,27.29,0.0,438.0,0.0,0.0
2015-02-09 16:21,19.29,27.29,0.0,438.0,0.0,0.0
2015-02-09 16:23,19.29,27.29,0.0,438.0,0.0,0.0
2015-02-09 16:25,19.29,27.29,0.0,438.0,0.0,0.0
2015-02-09 16:25,19.29,27.29,0.0,438.0,0.0,0.0
2015-02-09 16:25,19.29,27.29,0.0,438.0,0.0,0.0
2015-02-09 16:27,19.29,27.29,0.0,438.0,0.0,0.0
2015-02-09 16:28,19.29,27.29,0.0,438.0,0.0,0.0
2015-02-09 16:29,19.29,27.29,0.0,438.0,0.0,0.0
2015-02-09 16:31,19.29,27.29,0.0,438.0,0.0,0.0
2015-02-09 16:33,19.29,27.29,0.0,438.0,0.0,0.0
2015-02-09 16:35,19.29,27.29,0.0,438.0,0.0,0.0
2015-02-09 16:37,19.29,27.29,0.0,438.0,0.0,0.0
2015-02-09 16:37,19.29,27.29,0.0,438.0,0.0,0.0
2015-02-09 16:37,19.29,27.29,0.0,438.0,0.0,0.0
2015-02-09 16:40,19.29,27.29,0.0,438.0,0.0,0.0
2015-02-09 16:41,19.29,27.29,0.0,438.0,0.0,0.0
2015-02-09 16:43,19.29,27.29,0.0,438.0,0.0,0.0
2015-02-09 16:45,19.29,27.29,0.0,438.0,0.0,0.0
2015-02-09 16:46,19.29,27.29,0.0,438.0,0.0,0.0
2015-02-09 16:48,19.29,27.29,0.0,438.0,0.0,0.0
2015-02-09 16:50,19.29,27.29,0.0,438.0,0.0,0.0
2015-02-09 16:51,19.29,27.29,0.0,438.0,0.0,0.0
2015-02-09 16:53,19.29,27.29,0.0,438.0,0.0,0.0
2015-02-09 16:55,19.29,27.29,0.0,438.0,0.0,0.0
2015-02-09 16:56,19.29,27.29,0.0,438.0,0.0,0.0
2015-02-09 16:58,19.29,27.29,0.0,438.0,0.0,0.0
2015-02-09 17:00,19.29,27.29,0.0,438.0,0.0,0.0
2015-02-09 17:02,19.29,27.29,0.0,438.0,0.0,0.0
2015-02-09 17:03,19.29,27.29,0.0,438.0,0.0,0.0
2015-02-09 17:05,19.29,27.36,0.0,438.0,0.0,0.0
2015-02-09 17:07,19.29,27.34,0.0,438.0,0.0,0.0
2015-02-09 17:07,19.29,27.39,0.0,438.0,0.0,0.0
2015-02-09 17:09,19.29,27.34,0.0,438.0,0.0,0.0
2015-02-09 17:10,19.29,27.39,0.0,438.0,0.0,0.0
2015-02-09 17:11,19.29,27.39,0.0,438.0,0.0,0.0
2015-02-09 17:13,19.29,27.39,0.0,438.0,0.0,0.0
2015-02-09 17:15,19.29,27.39,0.0,438.0,0.0,0.0
2015-02-09 17:17,19.29,27.39,0.0,438.0,0.0,0.0
2015-02-09 17:17,19.29,27.39,0.0,438.0,0.0,0.0
2015-02-09 17:19,19.29,27.39,0.0,438.0,0.0,0.0
2015-02-09 17:21,19.29,27.36,0.0,438.0,0.0,0.0
2015-02-09 17:23,19.29,27.34,0.0,438.0,0.0,0.0
2015-02-09 17:25,19.29,27.39,0.0,438.0,0.0,0.0
2015-02-09 17:25,19.29,27.29,0.0,438.0,0.0,0.0
2015-02-09 17:25,19.34,27.39,0.0,438.0,0.0,0.0
2015-02-09 17:25,19.39,27.39,0.0,438.0,0.0,0.0
2015-02-09 17:25,19.34,27.39,0.0,438.0,0.0,0.0
2015-02-09 17:27,19.39,27.39,0.0,438.0,0.0,0.0
2015-02-09 17:27,19.39,27.39,0.0,435.0,0.0,0.0
2015-02-09 17:30,19.39,27.39,0.0,437.0,0.0,0.0
2015-02-09 17:31,19.39,27.39,0.0,437.0,0.0,0.0
2015-02-09 17:32,19.39,27.36,0.0,433.67,0.0,0.0
2015-02-09 17:34,19.39,27.39,0.0,432.0,0.0,0.0
2015-02-09 17:35,19.39,27.34,0.0,431.0,0.0,0.0
2015-02-09 17:36,19.39,27.29,0.0,433.0,0.0,0.0
2015-02-09 17:38,19.39,27.29,0.0,432.0,0.0,0.0
2015-02-09 17:39,19.39,27.29,0.0,435.0,0.0,0.0
2015-02-09 17:40,19.39,27.29,0.0,434.0,0.0,0.0
2015-02-09 17:42,19.39,27.29,0.0,433.0,0.0,0.0
2015-02-09 17:42,19.39,27.29,0.0,435.0,0.0,0.0
2015-02-09 17:45,19.39,27.29,0.0,434.0,0.0,0.0
2015-02-09 17:47,19.39,27.29,0.0,433.0,0.0,0.0
2015-02-09 17:47,19.39,27.29,0.0,436.0,0.0,0.0
2015-02-09 17:50,19.39,27.29,0.0,439.0,0.0,0.0
2015-02-09 17:50,19.39,27.29,0.0,438.0,0.0,0.0
2015-02-09 17:53,19.39,27.29,0.0,437.0,0.0,0.0
2015-02-09 17:55,19.39,27.29,0.0,437.0,0.0,0.0
2015-02-09 17:55,19.39,27.29,0.0,438.0,0.0,0.0
2015-02-09 17:59,19.39,27.29,0.0,437.0,0.0,0.0
2015-02-09 17:59,19.39,27.29,0.0,436.0,0.0,0.0
2015-02-09 17:59,19.39,27.29,0.0,436.0,0.0,0.0
2015-02-09 17:59,19.39,27.29,0.0,436.0,0.0,0.0
2015-02-09 17:59,19.39,27.29,0.0,436.0,0.0,0.0
2015-02-09 17:59,19.39,27.29,0.0,436.0,0.0,0.0
2015-02-09 18:00,19.39,27.29,0.0,436.0,0.0,0.0
2015-02-09 18:02,19.39,27.29,0.0,431.0,0.0,0.0
2015-02-09 18:04,19.39,27.29,0.0,433.0,0.0,0.0
2015-02-09 18:06,19.39,27.29,0.0,437.0,0.0,0.0
2015-02-09 18:08,19.39,27.29,0.0,433.0,0.0,0.0
2015-02-09 18:08,19.39,27.29,0.0,434.0,0.0,0.0
2015-02-09 18:11,19.39,27.29,0.0,438.0,0.0,0.0
2015-02-09 18:11,19.39,27.29,0.0,437.0,0.0,0.0
2015-02-09 18:15,19.39,27.29,0.0,433.0,0.0,0.0
2015-02-09 18:15,19.39,27.29,0.0,434.0,0.0,0.0
2015-02-09 18:18,19.39,27.29,0.0,438.0,0.0,0.0
2015-02-09 18:20,19.39,27.29,0.0,437.0,0.0,0.0
2015-02-09 18:22,19.39,27.29,0.0,436.0,0.0,0.0
2015-02-09 18:24,19.39,27.29,0.0,438.0,0.0,0.0
2015-02-09 18:24,19.39,27.29,0.0,437.0,0.0,0.0
2015-02-09 18:24,19.39,27.29,0.0,437.0,0.0,0.0
2015-02-09 18:27,19.39,27.36,0.0,439.0,0.0,0.0
2015-02-09 18:27,19.39,27.29,0.0,438.0,0.0,0.0
2015-02-09 18:30,19.39,27.29,0.0,438.0,0.0,0.0
2015-02-09 18:32,19.39,27.29,0.0,438.0,0.0,0.0
2015-02-09 18:34,19.39,27.29,0.0,437.0,0.0,0.0
2015-02-09 18:34,19.39,27.29,0.0,438.0,0.0,0.0
2015-02-09 18:37,19.39,27.29,0.0,438.0,0.0,0.0
2015-02-09 18:38,19.39,27.29,0.0,438.0,0.0,0.0
2015-02-09 18:39,19.39,27.29,0.0,437.0,0.0,0.0
2015-02-09 18:41,19.39,27.29,0.0,437.0,0.0,0.0
2015-02-09 18:43,19.39,27.29,0.0,438.0,0.0,0.0
2015-02-09 18:45,19.39,27.29,0.0,436.0,0.0,0.0
2015-02-09 18:46,19.39,27.29,0.0,438.0,0.0,0.0
2015-02-09 18:48,19.39,27.29,0.0,438.0,0.0,0.0
2015-02-09 18:50,19.39,27.29,0.0,437.0,0.0,0.0
2015-02-09 18:51,19.39,27.29,0.0,438.0,0.0,0.0
2015-02-09 18:53,19.39,27.29,0.0,437.0,0.0,0.0
2015-02-09 18:53,19.39,27.36,0.0,438.0,0.0,0.0
2015-02-09 18:56,19.39,27.34,0.0,438.0,0.0,0.0
2015-02-09 18:59,19.39,27.39,0.0,437.0,0.0,0.0
2015-02-09 18:59,19.39,27.39,0.0,436.0,0.0,0.0
2015-02-09 18:59,19.39,27.39,0.0,436.0,0.0,0.0
2015-02-09 18:59,19.39,27.39,0.0,436.0,0.0,0.0
2015-02-09 18:59,19.39,27.39,0.0,438.0,0.0,0.0
2015-02-09 18:59,19.39,27.39,0.0,437.67,0.0,0.0
2015-02-09 18:59,19.39,27.39,0.0,437.0,0.0,0.0
2015-02-09 18:59,19.39,27.39,0.0,437.0,0.0,0.0
2015-02-09 19:00,19.39,27.39,0.0,437.0,0.0,0.0
2015-02-09 19:02,19.39,27.46,0.0,435.0,0.0,0.0
2015-02-09 19:03,19.39,27.39,0.0,438.0,0.0,0.0
2015-02-09 19:05,19.39,27.39,0.0,440.0,0.0,0.0
2015-02-09 19:07,19.39,27.39,0.0,438.0,0.0,0.0
2015-02-09 19:08,19.39,27.39,0.0,437.67,0.0,0.0
2015-02-09 19:09,19.39,27.39,0.0,435.5,0.0,0.0
2015-02-09 19:10,19.39,27.39,0.0,434.0,0.0,0.0
2015-02-09 19:11,19.39,27.39,0.0,437.0,0.0,0.0
2015-02-09 19:12,19.39,27.39,0.0,433.0,0.0,0.0
2015-02-09 19:14,19.39,27.39,0.0,433.0,0.0,0.0
2015-02-09 19:16,19.39,27.39,0.0,434.0,0.0,0.0
2015-02-09 19:18,19.39,27.39,0.0,438.67,0.0,0.0
2015-02-09 19:20,19.39,27.39,0.0,438.0,0.0,0.0
2015-02-09 19:22,19.39,27.39,0.0,437.5,0.0,0.0
2015-02-09 19:23,19.39,27.39,0.0,433.0,0.0,0.0
2015-02-09 19:23,19.39,27.39,0.0,434.0,0.0,0.0
2015-02-09 19:24,19.39,27.39,0.0,438.0,0.0,0.0
2015-02-09 19:27,19.39,27.39,0.0,437.0,0.0,0.0
2015-02-09 19:30,19.39,27.39,0.0,436.5,0.0,0.0
2015-02-09 19:32,19.39,27.39,0.0,438.0,0.0,0.0
2015-02-09 19:34,19.39,27.39,0.0,437.67,0.0,0.0
2015-02-09 19:36,19.39,27.39,0.0,437.0,0.0,0.0
2015-02-09 19:38,19.39,27.39,0.0,435.0,0.0,0.0
2015-02-09 19:39,19.39,27.39,0.0,438.5,0.0,0.0
2015-02-09 19:39,19.39,27.39,0.0,439.0,0.0,0.0
2015-02-09 19:42,19.39,27.39,0.0,436.5,0.0,0.0
2015-02-09 19:42,19.39,27.39,0.0,438.0,0.0,0.0
2015-02-09 19:46,19.39,27.39,0.0,437.67,0.0,0.0
2015-02-09 19:49,19.39,27.39,0.0,437.0,0.0,0.0
2015-02-09 19:51,19.39,27.39,0.0,436.5,0.0,0.0
2015-02-09 19:51,19.39,27.39,0.0,438.0,0.0,0.0
2015-02-09 19:54,19.39,27.39,0.0,436.0,0.0,0.0
2015-02-09 19:57,19.39,27.39,0.0,438.0,0.0,0.0
2015-02-09 19:58,19.39,27.39,0.0,437.5,0.0,0.0
2015-02-09 19:59,19.39,27.39,0.0,436.5,0.0,0.0
2015-02-09 19:59,19.39,27.39,0.0,438.0,0.0,0.0
2015-02-09 20:00,19.39,27.39,0.0,436.0,0.0,0.0
2015-02-09 20:03,19.39,27.39,0.0,438.0,0.0,0.0
2015-02-09 20:05,19.39,27.39,0.0,437.67,0.0,0.0
2015-02-09 20:07,19.39,27.39,0.0,437.5,0.0,0.0
2015-02-09 20:07,19.39,27.39,0.0,438.0,0.0,0.0
2015-02-09 20:10,19.39,27.39,0.0,433.0,0.0,0.0
2015-02-09 20:11,19.39,27.39,0.0,434.0,0.0,0.0
2015-02-09 20:13,19.39,27.39,0.0,438.0,0.0,0.0
2015-02-09 20:15,19.39,27.39,0.0,437.0,0.0,0.0
2015-02-09 20:17,19.39,27.39,0.0,436.5,0.0,0.0
2015-02-09 20:17,19.39,27.39,0.0,438.0,0.0,0.0
2015-02-09 20:19,19.39,27.39,0.0,436.0,0.0,0.0
2015-02-09 20:21,19.39,27.39,0.0,438.0,0.0,0.0
2015-02-09 20:23,19.39,27.39,0.0,437.5,0.0,0.0
2015-02-09 20:23,19.39,27.39,0.0,438.0,0.0,0.0
2015-02-09 20:25,19.39,27.39,0.0,438.0,0.0,0.0
2015-02-09 20:25,19.39,27.39,0.0,439.0,0.0,0.0
2015-02-09 20:26,19.39,27.39,0.0,438.0,0.0,0.0
2015-02-09 20:28,19.39,27.39,0.0,438.0,0.0,0.0
2015-02-09 20:29,19.39,27.39,0.0,438.0,0.0,0.0
2015-02-09 20:30,19.39,27.39,0.0,437.0,0.0,0.0
2015-02-09 20:31,19.39,27.39,0.0,438.0,0.0,0.0
2015-02-09 20:31,19.39,27.39,0.0,437.0,0.0,0.0
2015-02-09 20:32,19.39,27.39,0.0,438.0,0.0,0.0
2015-02-09 20:34,19.39,27.39,0.0,438.0,0.0,0.0
2015-02-09 20:35,19.39,27.39,0.0,436.5,0.0,0.0
2015-02-09 20:36,19.39,27.39,0.0,438.0,0.0,0.0
2015-02-09 20:37,19.39,27.39,0.0,436.5,0.0,0.0
2015-02-09 20:38,19.39,27.39,0.0,437.5,0.0,0.0
2015-02-09 20:38,19.39,27.39,0.0,438.0,0.0,0.0
2015-02-09 20:39,19.39,27.39,0.0,435.0,0.0,0.0
2015-02-09 20:41,19.39,27.39,0.0,437.0,0.0,0.0
2015-02-09 20:42,19.39,27.39,0.0,437.0,0.0,0.0
2015-02-09 20:44,19.39,27.39,0.0,436.0,0.0,0.0
2015-02-09 20:44,19.39,27.39,0.0,438.0,0.0,0.0
2015-02-09 20:45,19.39,27.39,0.0,437.0,0.0,0.0
2015-02-09 20:45,19.39,27.39,0.0,438.0,0.0,0.0
2015-02-09 20:47,19.39,27.39,0.0,438.0,0.0,0.0
2015-02-09 20:48,19.39,27.39,0.0,438.0,0.0,0.0
2015-02-09 20:49,19.39,27.39,0.0,438.0,0.0,0.0
2015-02-09 20:51,19.39,27.39,0.0,436.5,0.0,0.0
2015-02-09 20:51,19.39,27.39,0.0,438.0,0.0,0.0
2015-02-09 20:52,19.39,27.39,0.0,438.0,0.0,0.0
2015-02-09 20:55,19.39,27.39,0.0,441.0,0.0,0.0
2015-02-09 20:55,19.39,27.39,0.0,437.0,0.0,0.0
2015-02-09 20:56,19.39,27.39,0.0,438.0,0.0,0.0
2015-02-09 20:59,19.39,27.39,0.0,437.0,0.0,0.0
2015-02-09 20:59,19.39,27.39,0.0,437.0,0.0,0.0
2015-02-09 20:59,19.39,27.39,0.0,437.0,0.0,0.0
2015-02-09 20:59,19.39,27.39,0.0,437.0,0.0,0.0
2015-02-09 21:00,19.39,27.39,0.0,437.0,0.0,0.0
2015-02-09 21:02,19.39,27.39,0.0,438.75,0.0,0.0
2015-02-09 21:04,19.39,27.39,0.0,441.0,0.0,0.0
2015-02-09 21:06,19.39,27.39,0.0,443.0,0.0,0.0
2015-02-09 21:08,19.39,27.39,0.0,442.67,0.0,0.0
2015-02-09 21:10,19.39,27.39,0.0,440.5,0.0,0.0
2015-02-09 21:11,19.39,27.39,0.0,438.5,0.0,0.0
2015-02-09 21:13,19.39,27.39,0.0,441.0,0.0,0.0
2015-02-09 21:15,19.39,27.39,0.0,443.0,0.0,0.0
2015-02-09 21:15,19.39,27.39,0.0,444.0,0.0,0.0
2015-02-09 21:15,19.39,27.39,0.0,445.0,0.0,0.0
2015-02-09 21:15,19.39,27.39,0.0,445.0,0.0,0.0
2015-02-09 21:17,19.39,27.39,0.0,447.0,0.0,0.0
2015-02-09 21:18,19.39,27.39,0.0,449.0,0.0,0.0
2015-02-09 21:20,19.39,27.39,0.0,449.0,0.0,0.0
2015-02-09 21:22,19.39,27.36,0.0,442.67,0.0,0.0
2015-02-09 21:24,19.39,27.39,0.0,441.0,0.0,0.0
2015-02-09 21:24,19.39,27.34,0.0,441.5,0.0,0.0
2015-02-09 21:24,19.39,27.39,0.0,441.0,0.0,0.0
2015-02-09 21:26,19.39,27.39,0.0,440.0,0.0,0.0
2015-02-09 21:26,19.39,27.39,0.0,444.0,0.0,0.0
2015-02-09 21:29,19.39,27.39,0.0,443.0,0.0,0.0
2015-02-09 21:29,19.39,27.39,0.0,444.0,0.0,0.0
2015-02-09 21:29,19.39,27.39,0.0,441.0,0.0,0.0
2015-02-09 21:32,19.39,27.39,0.0,441.67,0.0,0.0
2015-02-09 21:34,19.39,27.39,0.0,443.0,0.0,0.0
2015-02-09 21:35,19.39,27.39,0.0,446.5,0.0,0.0
2015-02-09 21:37,19.39,27.39,0.0,441.5,0.0,0.0
2015-02-09 21:39,19.39,27.39,0.0,439.5,0.0,0.0
2015-02-09 21:39,19.39,27.39,0.0,444.0,0.0,0.0
2015-02-09 21:39,19.39,27.39,0.0,444.0,0.0,0.0
2015-02-09 21:41,19.39,27.39,0.0,448.0,0.0,0.0
2015-02-09 21:43,19.39,27.39,0.0,447.5,0.0,0.0
2015-02-09 21:43,19.39,27.39,0.0,442.0,0.0,0.0
2015-02-09 21:43,19.39,27.39,0.0,443.0,0.0,0.0
2015-02-09 21:45,19.39,27.39,0.0,446.0,0.0,0.0
2015-02-09 21:45,19.39,27.39,0.0,444.0,0.0,0.0
2015-02-09 21:45,19.39,27.39,0.0,447.0,0.0,0.0
2015-02-09 21:47,19.39,27.46,0.0,446.0,0.0,0.0
2015-02-09 21:47,19.39,27.39,0.0,446.0,0.0,0.0
2015-02-09 21:50,19.39,27.39,0.0,443.0,0.0,0.0
2015-02-09 21:50,19.39,27.39,0.0,446.0,0.0,0.0
2015-02-09 21:53,19.39,27.39,0.0,441.67,0.0,0.0
2015-02-09 21:53,19.39,27.39,0.0,448.5,0.0,0.0
2015-02-09 21:55,19.39,27.39,0.0,449.0,0.0,0.0
2015-02-09 21:57,19.39,27.39,0.0,453.0,0.0,0.0
2015-02-09 21:57,19.39,27.39,0.0,452.0,0.0,0.0
2015-02-09 22:00,19.39,27.39,0.0,447.0,0.0,0.0
2015-02-09 22:02,19.39,27.44,0.0,445.5,0.0,0.0
2015-02-09 22:02,19.39,27.39,0.0,449.0,0.0,0.0
2015-02-09 22:02,19.39,27.39,0.0,452.0,0.0,0.0
2015-02-09 22:05,19.39,27.39,0.0,451.0,0.0,0.0
2015-02-09 22:07,19.39,27.39,0.0,450.5,0.0,0.0
2015-02-09 22:07,19.39,27.36,0.0,451.0,0.0,0.0
2015-02-09 22:11,19.39,27.34,0.0,451.0,0.0,0.0
2015-02-09 22:14,19.39,27.39,0.0,448.0,0.0,0.0
2015-02-09 22:14,19.39,27.39,0.0,447.0,0.0,0.0
2015-02-09 22:17,19.39,27.39,0.0,446.0,0.0,0.0
2015-02-09 22:20,19.39,27.39,0.0,444.0,0.0,0.0
2015-02-09 22:21,19.39,27.39,0.0,443.0,0.0,0.0
2015-02-09 22:21,19.39,27.39,0.0,447.0,0.0,0.0
2015-02-09 22:23,19.39,27.39,0.0,449.5,0.0,0.0
2015-02-09 22:25,19.39,27.39,0.0,449.5,0.0,0.0
2015-02-09 22:25,19.39,27.39,0.0,454.0,0.0,0.0
2015-02-09 22:25,19.39,27.39,0.0,447.0,0.0,0.0
2015-02-09 22:25,19.39,27.39,0.0,447.0,0.0,0.0
2015-02-09 22:28,19.39,27.39,0.0,448.0,0.0,0.0
2015-02-09 22:30,19.39,27.39,0.0,448.0,0.0,0.0
2015-02-09 22:32,19.39,27.39,0.0,446.5,0.0,0.0
2015-02-09 22:32,19.39,27.39,0.0,448.0,0.0,0.0
2015-02-09 22:35,19.39,27.39,0.0,448.0,0.0,0.0
2015-02-09 22:37,19.39,27.39,0.0,448.5,0.0,0.0
2015-02-09 22:37,19.39,27.39,0.0,446.0,0.0,0.0
2015-02-09 22:41,19.39,27.39,0.0,447.5,0.0,0.0
2015-02-09 22:44,19.39,27.39,0.0,442.67,0.0,0.0
2015-02-09 22:44,19.39,27.39,0.0,448.0,0.0,0.0
2015-02-09 22:47,19.39,27.39,0.0,451.0,0.0,0.0
2015-02-09 22:50,19.39,27.39,0.0,451.0,0.0,0.0
2015-02-09 22:50,19.39,27.39,0.0,452.0,0.0,0.0
2015-02-09 22:50,19.39,27.39,0.0,448.0,0.0,0.0
2015-02-09 22:53,19.39,27.39,0.0,447.5,0.0,0.0
2015-02-09 22:53,19.39,27.39,0.0,448.0,0.0,0.0
2015-02-09 22:56,19.39,27.39,0.0,448.0,0.0,0.0
2015-02-09 22:59,19.39,27.39,0.0,448.0,0.0,0.0
2015-02-09 22:59,19.39,27.39,0.0,448.0,0.0,0.0
2015-02-09 22:59,19.39,27.39,0.0,443.67,0.0,0.0
2015-02-09 23:02,19.39,27.39,0.0,448.0,0.0,0.0
2015-02-09 23:04,19.39,27.39,0.0,447.5,0.0,0.0
2015-02-09 23:06,19.39,27.39,0.0,446.5,0.0,0.0
2015-02-09 23:06,19.39,27.39,0.0,449.0,0.0,0.0
2015-02-09 23:09,19.39,27.39,0.0,441.5,0.0,0.0
2015-02-09 23:09,19.39,27.39,0.0,443.0,0.0,0.0
2015-02-09 23:09,19.39,27.39,0.0,442.5,0.0,0.0
2015-02-09 23:12,19.39,27.39,0.0,445.5,0.0,0.0
2015-02-09 23:15,19.39,27.39,0.0,447.5,0.0,0.0
2015-02-09 23:17,19.39,27.39,0.0,448.5,0.0,0.0
2015-02-09 23:19,19.39,27.39,0.0,447.5,0.0,0.0
2015-02-09 23:19,19.39,27.39,0.0,448.0,0.0,0.0
2015-02-09 23:19,19.39,27.39,0.0,448.5,0.0,0.0
2015-02-09 23:23,19.39,27.39,0.0,446.67,0.0,0.0
2015-02-09 23:23,19.39,27.39,0.0,447.0,0.0,0.0
2015-02-09 23:26,19.39,27.39,0.0,446.5,0.0,0.0
2015-02-09 23:29,19.39,27.39,0.0,448.5,0.0,0.0
2015-02-09 23:29,19.39,27.39,0.0,446.0,0.0,0.0
2015-02-09 23:29,19.39,27.39,0.0,443.0,0.0,0.0
2015-02-09 23:32,19.39,27.39,0.0,444.0,0.0,0.0
2015-02-09 23:34,19.39,27.39,0.0,447.0,0.0,0.0
2015-02-09 23:34,19.39,27.39,0.0,449.0,0.0,0.0
2015-02-09 23:37,19.39,27.39,0.0,449.0,0.0,0.0
2015-02-09 23:39,19.39,27.39,0.0,441.0,0.0,0.0
2015-02-09 23:39,19.39,27.39,0.0,446.0,0.0,0.0
2015-02-09 23:39,19.39,27.39,0.0,447.67,0.0,0.0
2015-02-09 00:02,19.39,27.39,0.0,448.5,0.0,0.0
2015-02-09 00:02,19.39,27.39,0.0,448.0,0.0,0.0
2015-02-09 00:05,19.39,27.39,0.0,448.0,0.0,0.0
2015-02-09 00:07,19.39,27.39,0.0,447.0,0.0,0.0
2015-02-09 00:08,19.39,27.39,0.0,446.5,0.0,0.0
2015-02-09 00:10,19.39,27.39,0.0,446.5,0.0,0.0
2015-02-09 00:10,19.39,27.39,0.0,448.0,0.0,0.0
2015-02-09 00:11,19.39,27.39,0.0,447.5,0.0,0.0
2015-02-09 00:14,19.39,27.39,0.0,446.5,0.0,0.0
2015-02-09 00:16,19.39,27.39,0.0,442.5,0.0,0.0
2015-02-09 00:19,19.39,27.39,0.0,441.5,0.0,0.0
2015-02-09 00:21,19.39,27.39,0.0,445.5,0.0,0.0
2015-02-09 00:23,19.39,27.39,0.0,446.5,0.0,0.0
2015-02-09 00:23,19.39,27.39,0.0,448.0,0.0,0.0
2015-02-09 00:24,19.39,27.39,0.0,453.0,0.0,0.0
2015-02-09 00:27,19.39,27.39,0.0,458.0,0.0,0.0
2015-02-09 00:29,19.39,27.39,0.0,457.0,0.0,0.0
2015-02-09 00:31,19.39,27.39,0.0,456.5,0.0,0.0
2015-02-09 00:34,19.39,27.39,0.0,452.5,0.0,0.0
2015-02-09 00:37,19.39,27.39,0.0,452.5,0.0,0.0
2015-02-09 00:37,19.39,27.39,0.0,454.0,0.0,0.0
2015-02-09 00:38,19.39,27.39,0.0,455.0,0.0,0.0
2015-02-09 00:40,19.39,27.39,0.0,457.0,0.0,0.0
2015-02-09 00:40,19.39,27.39,0.0,456.5,0.0,0.0
2015-02-09 00:41,19.39,27.39,0.0,458.0,0.0,0.0
2015-02-09 00:43,19.39,27.39,0.0,461.0,0.0,0.0
2015-02-09 00:44,19.39,27.39,0.0,463.0,0.0,0.0
2015-02-09 00:45,19.39,27.39,0.0,462.5,0.0,0.0
2015-02-09 00:46,19.39,27.39,0.0,462.0,0.0,0.0
2015-02-09 00:46,19.39,27.39,0.0,458.0,0.0,0.0
2015-02-09 00:47,19.39,27.39,0.0,460.0,0.0,0.0
2015-02-09 00:49,19.39,27.39,0.0,464.0,0.0,0.0
2015-02-09 00:51,19.39,27.39,0.0,467.5,0.0,0.0
2015-02-09 00:53,19.39,27.39,0.0,466.5,0.0,0.0
2015-02-09 00:53,19.39,27.39,0.0,467.0,0.0,0.0
2015-02-09 00:55,19.39,27.39,0.0,466.0,0.0,0.0
2015-02-09 00:56,19.39,27.39,0.0,466.0,0.0,0.0
2015-02-09 00:57,19.39,27.39,0.0,466.0,0.0,0.0
2015-02-09 00:59,19.39,27.39,0.0,466.0,0.0,0.0
2015-02-09 00:59,19.39,27.39,0.0,466.0,0.0,0.0
2015-02-09 00:59,19.39,27.39,0.0,468.0,0.0,0.0
2015-02-09 01:00,19.39,27.39,0.0,467.67,0.0,0.0
2015-02-09 01:03,19.39,27.39,0.0,467.5,0.0,0.0
2015-02-09 01:03,19.39,27.39,0.0,468.0,0.0,0.0
2015-02-09 01:06,19.39,27.39,0.0,464.5,0.0,0.0
2015-02-09 01:08,19.39,27.39,0.0,468.0,0.0,0.0
2015-02-09 01:10,19.39,27.39,0.0,468.0,0.0,0.0
2015-02-09 01:11,19.39,27.39,0.0,467.5,0.0,0.0
2015-02-09 01:13,19.39,27.39,0.0,467.5,0.0,0.0
2015-02-09 01:13,19.39,27.39,0.0,468.0,0.0,0.0
2015-02-09 01:16,19.39,27.39,0.0,464.0,0.0,0.0
2015-02-09 01:18,19.39,27.39,0.0,467.0,0.0,0.0
2015-02-09 01:19,19.39,27.39,0.0,468.0,0.0,0.0
2015-02-09 01:21,19.39,27.39,0.0,467.67,0.0,0.0
2015-02-09 01:23,19.39,27.39,0.0,469.0,0.0,0.0
2015-02-09 01:24,19.39,27.39,0.0,466.0,0.0,0.0
2015-02-09 01:25,19.39,27.39,0.0,467.0,0.0,0.0
2015-02-09 01:27,19.39,27.39,0.0,469.0,0.0,0.0
2015-02-09 01:27,19.39,27.39,0.0,468.0,0.0,0.0
2015-02-09 01:30,19.39,27.39,0.0,465.5,0.0,0.0
2015-02-09 01:32,19.39,27.39,0.0,469.0,0.0,0.0
2015-02-09 01:32,19.39,27.39,0.0,468.0,0.0,0.0
2015-02-09 01:35,19.39,27.39,0.0,467.5,0.0,0.0
2015-02-09 01:37,19.39,27.39,0.0,466.5,0.0,0.0
2015-02-09 01:37,19.39,27.39,0.0,469.0,0.0,0.0
2015-02-09 01:38,19.39,27.39,0.0,467.0,0.0,0.0
2015-02-09 01:40,19.39,27.39,0.0,469.0,0.0,0.0
2015-02-09 01:40,19.39,27.39,0.0,468.0,0.0,0.0
2015-02-09 01:41,19.39,27.39,0.0,467.5,0.0,0.0
2015-02-09 01:43,19.39,27.39,0.0,467.5,0.0,0.0
2015-02-09 01:44,19.39,27.39,0.0,466.0,0.0,0.0
2015-02-09 01:45,19.39,27.39,0.0,466.0,0.0,0.0
2015-02-09 01:46,19.39,27.39,0.0,466.0,0.0,0.0
2015-02-09 01:46,19.39,27.39,0.0,468.0,0.0,0.0
2015-02-09 01:47,19.39,27.39,0.0,467.67,0.0,0.0
2015-02-09 01:49,19.39,27.39,0.0,465.5,0.0,0.0
2015-02-09 01:50,19.39,27.39,0.0,469.0,0.0,0.0
2015-02-09 01:52,19.39,27.39,0.0,468.0,0.0,0.0
2015-02-09 01:54,19.39,27.39,0.0,467.5,0.0,0.0
2015-02-09 01:54,19.39,27.39,0.0,469.0,0.0,0.0
2015-02-09 01:55,19.39,27.39,0.0,462.5,0.0,0.0
2015-02-09 01:57,19.39,27.39,0.0,468.0,0.0,0.0
2015-02-09 01:59,19.39,27.39,0.0,468.0,0.0,0.0
2015-02-09 01:59,19.39,27.39,0.0,468.0,0.0,0.0
2015-02-09 01:59,19.39,27.39,0.0,467.5,0.0,0.0
2015-02-09 01:59,19.39,27.39,0.0,462.5,0.0,0.0
2015-02-09 01:59,19.39,27.39,0.0,462.0,0.0,0.0
2015-02-09 02:00,19.39,27.39,0.0,461.5,0.0,0.0
2015-02-09 02:03,19.39,27.39,0.0,461.33,0.0,0.0
2015-02-09 02:05,19.39,27.39,0.0,464.0,0.0,0.0
2015-02-09 02:07,19.39,27.39,0.0,467.0,0.0,0.0
2015-02-09 02:08,19.39,27.39,0.0,466.5,0.0,0.0
2015-02-09 02:09,19.39,27.39,0.0,466.0,0.0,0.0
2015-02-09 02:10,19.39,27.39,0.0,467.5,0.0,0.0
2015-02-09 02:12,19.39,27.39,0.0,468.0,0.0,0.0
2015-02-09 02:14,19.39,27.39,0.0,468.0,0.0,0.0
2015-02-09 02:16,19.39,27.39,0.0,465.5,0.0,0.0
2015-02-09 02:16,19.39,27.39,0.0,469.0,0.0,0.0
2015-02-09 02:16,19.39,27.39,0.0,467.0,0.0,0.0
2015-02-09 02:16,19.39,27.39,0.0,468.0,0.0,0.0
2015-02-09 02:18,19.39,27.39,0.0,468.0,0.0,0.0
2015-02-09 02:20,19.39,27.39,0.0,467.67,0.0,0.0
2015-02-09 02:23,19.39,27.39,0.0,464.0,0.0,0.0
2015-02-09 02:23,19.39,27.39,0.0,469.67,0.0,0.0
2015-02-09 02:24,19.39,27.39,0.0,467.5,0.0,0.0
2015-02-09 02:27,19.39,27.39,0.0,466.5,0.0,0.0
2015-02-09 02:27,19.39,27.39,0.0,469.0,0.0,0.0
2015-02-09 02:30,19.39,27.39,0.0,466.0,0.0,0.0
2015-02-09 02:32,19.39,27.39,0.0,467.67,0.0,0.0
2015-02-09 02:34,19.39,27.39,0.0,464.0,0.0,0.0
2015-02-09 02:36,19.39,27.39,0.0,468.0,0.0,0.0
2015-02-09 02:38,19.39,27.39,0.0,467.5,0.0,0.0
2015-02-09 02:40,19.39,27.39,0.0,466.5,0.0,0.0
2015-02-09 02:40,19.39,27.39,0.0,467.0,0.0,0.0
2015-02-09 02:41,19.39,27.39,0.0,466.0,0.0,0.0
2015-02-09 02:44,19.39,27.39,0.0,467.0,0.0,0.0
2015-02-09 02:46,19.39,27.39,0.0,466.0,0.0,0.0
2015-02-09 02:46,19.39,27.39,0.0,466.0,0.0,0.0
2015-02-09 02:49,19.39,27.39,0.0,466.0,0.0,0.0
2015-02-09 02:49,19.39,27.39,0.0,466.0,0.0,0.0
2015-02-09 02:50,19.39,27.39,0.0,466.0,0.0,0.0
2015-02-09 02:52,19.39,27.39,0.0,466.0,0.0,0.0
2015-02-09 02:54,19.39,27.39,0.0,468.0,0.0,0.0
2015-02-09 02:56,19.39,27.39,0.0,467.5,0.0,0.0
2015-02-09 02:58,19.39,27.39,0.0,465.5,0.0,0.0
2015-02-09 02:58,19.39,27.39,0.0,469.0,0.0,0.0
2015-02-09 02:58,19.39,27.39,0.0,467.0,0.0,0.0
2015-02-09 02:58,19.39,27.39,0.0,466.0,0.0,0.0
2015-02-09 02:59,19.39,27.39,0.0,466.0,0.0,0.0
2015-02-09 03:00,19.39,27.39,0.0,466.0,0.0,0.0
2015-02-09 03:01,19.39,27.39,0.0,466.0,0.0,0.0
2015-02-09 03:01,19.39,27.39,0.0,466.0,0.0,0.0
2015-02-09 03:02,19.39,27.39,0.0,466.0,0.0,0.0
2015-02-09 03:05,19.39,27.39,0.0,466.0,0.0,0.0
2015-02-09 03:07,19.39,27.39,0.0,466.0,0.0,0.0
2015-02-09 03:08,19.39,27.39,0.0,466.0,0.0,0.0
2015-02-09 03:09,19.39,27.39,0.0,466.0,0.0,0.0
2015-02-09 03:10,19.39,27.39,0.0,466.0,0.0,0.0
2015-02-09 03:11,19.39,27.39,0.0,466.0,0.0,0.0
2015-02-09 03:13,19.39,27.39,0.0,466.5,0.0,0.0
2015-02-09 03:15,19.39,27.39,0.0,467.5,0.0,0.0
2015-02-09 03:17,19.39,27.39,0.0,468.0,0.0,0.0
2015-02-09 03:17,19.39,27.39,0.0,468.0,0.0,0.0
2015-02-09 03:20,19.39,27.39,0.0,467.5,0.0,0.0
2015-02-09 03:23,19.39,27.39,0.0,466.5,0.0,0.0
2015-02-09 03:23,19.39,27.39,0.0,469.5,0.0,0.0
2015-02-09 03:23,19.39,27.39,0.0,467.0,0.0,0.0
2015-02-09 03:25,19.39,27.39,0.0,469.0,0.0,0.0
2015-02-09 03:26,19.39,27.39,0.0,468.0,0.0,0.0
2015-02-09 03:28,19.39,27.39,0.0,468.0,0.0,0.0
2015-02-09 03:30,19.39,27.39,0.0,467.5,0.0,0.0
2015-02-09 03:31,19.39,27.39,0.0,467.5,0.0,0.0
2015-02-09 03:31,19.39,27.39,0.0,468.0,0.0,0.0
2015-02-09 03:35,19.39,27.39,0.0,464.0,0.0,0.0
2015-02-09 03:35,19.39,27.39,0.0,467.0,0.0,0.0
2015-02-09 03:38,19.39,27.39,0.0,467.0,0.0,0.0
2015-02-09 03:40,19.39,27.39,0.0,466.0,0.0,0.0
2015-02-09 03:40,19.39,27.39,0.0,469.0,0.0,0.0
2015-02-09 03:43,19.39,27.39,0.0,467.0,0.0,0.0
2015-02-09 03:43,19.39,27.39,0.0,469.0,0.0,0.0
2015-02-09 03:46,19.39,27.39,0.0,468.0,0.0,0.0
2015-02-09 03:49,19.39,27.39,0.0,468.0,0.0,0.0
2015-02-09 03:51,19.39,27.39,0.0,467.5,0.0,0.0
2015-02-09 03:53,19.39,27.39,0.0,466.5,0.0,0.0
2015-02-09 03:55,19.39,27.39,0.0,469.0,0.0,0.0
2015-02-09 03:55,19.39,27.39,0.0,467.0,0.0,0.0
2015-02-09 03:58,19.39,27.39,0.0,466.5,0.0,0.0
2015-02-09 03:58,19.39,27.39,0.0,466.0,0.0,0.0
2015-02-09 03:58,19.39,27.39,0.0,467.0,0.0,0.0
2015-02-09 03:58,19.39,27.39,0.0,467.0,0.0,0.0
2015-02-09 04:01,19.39,27.39,0.0,467.0,0.0,0.0
2015-02-09 04:04,19.39,27.39,0.0,466.0,0.0,0.0
2015-02-09 04:04,19.39,27.39,0.0,469.0,0.0,0.0
2015-02-09 04:07,19.39,27.39,0.0,468.0,0.0,0.0
2015-02-09 04:08,19.39,27.39,0.0,465.5,0.0,0.0
2015-02-09 04:09,19.39,27.39,0.0,469.0,0.0,0.0
2015-02-09 04:10,19.39,27.39,0.0,467.0,0.0,0.0
2015-02-09 04:10,19.39,27.39,0.0,468.0,0.0,0.0
2015-02-09 04:13,19.39,27.39,0.0,467.67,0.0,0.0
2015-02-09 04:13,19.39,27.39,0.0,468.0,0.0,0.0
2015-02-09 04:16,19.39,27.39,0.0,464.5,0.0,0.0
2015-02-09 04:18,19.39,27.39,0.0,468.0,0.0,0.0
2015-02-09 04:20,19.39,27.39,0.0,468.0,0.0,0.0
2015-02-09 04:21,19.39,27.39,0.0,469.0,0.0,0.0
2015-02-09 04:24,19.39,27.39,0.0,467.67,0.0,0.0
2015-02-09 04:25,19.39,27.39,0.0,464.5,0.0,0.0
2015-02-09 04:27,19.39,27.39,0.0,469.0,0.0,0.0
2015-02-09 04:28,19.39,27.39,0.0,466.0,0.0,0.0
2015-02-09 04:29,19.39,27.39,0.0,466.0,0.0,0.0
2015-02-09 04:30,19.39,27.39,0.0,467.0,0.0,0.0
2015-02-09 04:31,19.39,27.39,0.0,466.0,0.0,0.0
2015-02-09 04:32,19.39,27.39,0.0,469.0,0.0,0.0
2015-02-09 04:34,19.39,27.39,0.0,469.0,0.0,0.0
2015-02-09 04:36,19.39,27.39,0.0,468.5,0.0,0.0
2015-02-09 04:38,19.39,27.39,0.0,468.0,0.0,0.0
2015-02-09 04:40,19.39,27.39,0.0,468.0,0.0,0.0
2015-02-09 04:40,19.39,27.39,0.0,467.5,0.0,0.0
2015-02-09 04:42,19.39,27.39,0.0,466.5,0.0,0.0
2015-02-09 04:43,19.39,27.39,0.0,467.5,0.0,0.0
2015-02-09 04:44,19.39,27.39,0.0,469.0,0.0,0.0
2015-02-09 04:46,19.39,27.39,0.0,465.0,0.0,0.0
2015-02-09 04:46,19.39,27.39,0.0,468.0,0.0,0.0
2015-02-09 04:49,19.39,27.39,0.0,468.0,0.0,0.0
2015-02-09 04:51,19.39,27.39,0.0,467.5,0.0,0.0
2015-02-09 04:53,19.39,27.39,0.0,464.0,0.0,0.0
2015-02-09 04:55,19.39,27.39,0.0,467.0,0.0,0.0
2015-02-09 04:56,19.39,27.39,0.0,472.0,0.0,0.0
2015-02-09 04:58,19.39,27.39,0.0,473.0,0.0,0.0
2015-02-09 05:00,19.39,27.39,0.0,471.0,0.0,0.0
2015-02-09 05:00,19.39,27.39,0.0,471.0,0.0,0.0
2015-02-09 05:02,19.39,27.39,0.0,474.0,0.0,0.0
2015-02-09 05:04,19.39,27.39,0.0,477.5,0.0,0.0
2015-02-09 05:06,19.39,27.39,0.0,476.5,0.0,0.0
2015-02-09 05:09,19.39,27.39,0.0,472.5,0.0,0.0
2015-02-09 05:10,19.39,27.39,0.0,472.5,0.0,0.0
2015-02-09 05:11,19.39,27.39,0.0,472.0,0.0,0.0
2015-02-09 05:14,19.39,27.39,0.0,472.0,0.0,0.0
2015-02-09 05:16,19.39,27.39,0.0,474.25,0.0,0.0
2015-02-09 05:18,19.39,27.39,0.0,478.0,0.0,0.0
2015-02-09 05:20,19.39,27.39,0.0,472.0,0.0,0.0
2015-02-09 05:22,19.39,27.39,0.0,479.0,0.0,0.0
2015-02-09 05:23,19.34,27.39,0.0,479.0,0.0,0.0
2015-02-09 05:24,19.39,27.39,0.0,471.0,0.0,0.0
2015-02-09 05:25,19.39,27.39,0.0,471.67,0.0,0.0
2015-02-09 05:27,19.39,27.39,0.0,470.5,0.0,0.0
2015-02-09 05:28,19.39,27.39,0.0,471.0,0.0,0.0
2015-02-09 05:29,19.39,27.39,0.0,470.5,0.0,0.0
2015-02-09 05:30,19.39,27.39,0.0,471.5,0.0,0.0
2015-02-09 05:31,19.39,27.39,0.0,470.5,0.0,0.0
2015-02-09 05:31,19.39,27.39,0.0,472.5,0.0,0.0
2015-02-09 05:34,19.39,27.39,0.0,472.0,0.0,0.0
2015-02-09 05:37,19.39,27.39,0.0,472.0,0.0,0.0
2015-02-09 05:38,19.39,27.39,0.0,472.0,0.0,0.0
2015-02-09 05:40,19.39,27.39,0.0,472.0,0.0,0.0
2015-02-09 05:41,19.39,27.39,0.0,469.0,0.0,0.0
2015-02-09 05:43,19.39,27.39,0.0,468.0,0.0,0.0
2015-02-09 05:45,19.39,27.39,0.0,465.5,0.0,0.0
2015-02-09 05:45,19.39,27.39,0.0,469.0,0.0,0.0
2015-02-09 05:48,19.39,27.39,0.0,467.5,0.0,0.0
2015-02-09 05:48,19.39,27.39,0.0,468.0,0.0,0.0
2015-02-09 05:51,19.39,27.39,0.0,467.5,0.0,0.0
2015-02-09 05:53,19.39,27.39,0.0,469.0,0.0,0.0
2015-02-09 05:53,19.39,27.39,0.0,468.0,0.0,0.0
2015-02-09 05:57,19.39,27.39,0.0,464.5,0.0,0.0
2015-02-09 06:00,19.39,27.39,0.0,467.0,0.0,0.0
2015-02-09 06:02,19.39,27.39,0.0,467.0,0.0,0.0
2015-02-09 06:04,19.39,27.39,0.0,466.0,0.0,0.0
2015-02-09 06:06,19.39,27.39,0.0,466.0,0.0,0.0
2015-02-09 06:08,19.39,27.39,0.0,466.0,0.0,0.0
2015-02-09 06:09,19.39,27.39,0.0,469.0,0.0,0.0
2015-02-09 06:10,19.39,27.39,0.0,467.0,0.0,0.0
2015-02-09 06:11,19.39,27.39,0.0,467.0,0.0,0.0
2015-02-09 06:13,19.39,27.39,0.0,466.5,0.0,0.0
2015-02-09 06:15,19.39,27.39,0.0,469.67,0.0,0.0
2015-02-09 06:17,19.39,27.39,0.0,469.0,0.0,0.0
2015-02-09 06:19,19.39,27.39,0.0,469.0,0.0,0.0
2015-02-09 06:21,19.39,27.39,0.0,469.0,0.0,0.0
2015-02-09 06:23,19.39,27.39,0.0,467.0,0.0,0.0
2015-02-09 06:25,19.39,27.39,0.0,467.5,0.0,0.0
2015-02-09 06:26,19.39,27.39,0.0,468.0,0.0,0.0
2015-02-09 06:28,19.39,27.39,0.0,464.5,0.0,0.0
2015-02-09 06:28,19.39,27.39,0.0,466.5,0.0,0.0
2015-02-09 06:31,19.39,27.39,0.0,467.5,0.0,0.0
2015-02-09 06:34,19.39,27.39,0.0,466.0,0.0,0.0
2015-02-09 06:36,19.39,27.39,0.0,465.5,0.0,0.0
2015-02-09 06:39,19.39,27.39,0.0,464.0,0.0,0.0
2015-02-09 06:42,19.39,27.39,0.0,464.0,0.0,0.0
2015-02-09 06:42,19.39,27.39,0.0,466.0,0.0,0.0
2015-02-09 06:45,19.39,27.39,0.0,465.5,0.0,0.0
2015-02-09 06:48,19.39,27.39,0.0,465.5,0.0,0.0
2015-02-09 06:48,19.39,27.39,0.0,466.0,0.0,0.0
2015-02-09 06:52,19.39,27.39,0.0,467.5,0.0,0.0
2015-02-09 06:55,19.39,27.39,0.0,464.0,0.0,0.0
2015-02-09 06:57,19.39,27.39,0.0,467.0,0.0,0.0
2015-02-09 06:58,19.39,27.39,0.0,466.5,0.0,0.0
2015-02-09 07:01,19.39,27.39,0.0,465.5,0.0,0.0
2015-02-09 07:03,19.39,27.39,0.0,464.0,0.0,0.0
2015-02-09 07:05,19.39,27.39,0.0,464.0,0.0,0.0
2015-02-09 07:07,19.34,27.39,0.0,466.5,0.0,0.0
2015-02-09 07:08,19.39,27.39,0.0,467.5,0.0,0.0
2015-02-09 07:09,19.39,27.39,0.0,465.0,0.0,0.0
2015-02-09 07:11,19.39,27.39,0.0,466.0,0.0,0.0
2015-02-09 07:13,19.39,27.39,0.0,467.5,0.0,0.0
2015-02-09 07:15,19.39,27.39,0.0,468.0,0.0,0.0
2015-02-09 07:17,19.39,27.39,0.0,469.0,0.0,0.0
2015-02-09 07:17,19.39,27.39,0.0,462.5,0.0,0.0
2015-02-09 07:17,19.39,27.39,0.0,467.0,0.0,0.0
2015-02-09 07:20,19.39,27.39,0.0,467.0,0.0,0.0
2015-02-09 07:23,19.39,27.39,0.0,466.5,0.0,0.0
2015-02-09 07:25,19.39,27.39,0.0,462.5,0.0,0.0
2015-02-09 07:25,19.39,27.39,0.0,467.0,0.0,0.0
2015-02-09 07:27,19.39,27.39,0.0,466.0,0.0,0.0
2015-02-09 07:28,19.39,27.39,0.0,465.5,0.0,0.0
2015-02-09 07:29,19.39,27.39,0.0,468.5,0.0,0.0
2015-02-09 07:30,19.39,27.39,0.0,467.5,0.0,0.0
2015-02-09 07:31,19.39,27.39,0.0,468.0,0.0,0.0
2015-02-09 07:32,19.39,27.39,0.0,464.5,0.0,0.0
2015-02-09 07:34,19.39,27.39,0.0,466.0,0.0,0.0
2015-02-09 07:36,19.39,27.39,0.0,466.0,0.0,0.0
2015-02-09 07:38,19.39,27.39,0.0,466.0,0.0,0.0
2015-02-09 07:40,19.39,27.39,0.0,466.0,0.0,0.0
2015-02-09 07:40,19.39,27.39,0.0,466.5,0.0,0.0
2015-02-09 07:41,19.39,27.39,0.0,467.5,0.0,0.0
2015-02-09 07:44,19.39,27.39,0.0,467.5,0.0,0.0
2015-02-09 07:46,19.39,27.39,0.0,468.0,0.0,0.0
2015-02-09 07:49,19.39,27.39,0.0,463.0,0.0,0.0
2015-02-09 07:49,19.39,27.39,0.0,463.0,0.0,0.0
2015-02-09 07:52,19.39,27.39,0.0,463.0,0.0,0.0
2015-02-09 07:53,19.39,27.39,0.0,463.0,0.0,0.0
2015-02-09 07:55,19.39,27.39,0.0,465.0,0.0,0.0
2015-02-09 07:57,19.39,27.39,0.0,468.0,0.0,0.0
2015-02-09 07:59,19.39,27.39,0.0,467.5,0.0,0.0
2015-02-09 07:59,19.39,27.39,0.0,466.5,0.0,0.0
2015-02-09 07:59,19.39,27.39,0.0,462.5,0.0,0.0
2015-02-09 07:59,19.39,27.39,0.0,463.0,0.0,0.0
2015-02-09 07:59,19.39,27.39,0.0,463.0,0.0,0.0
2015-02-09 07:59,19.39,27.39,0.0,463.0,0.0,0.0
2015-02-09 08:02,19.39,27.39,0.0,463.0,0.0,0.0
2015-02-09 08:04,19.39,27.39,0.0,463.0,0.0,0.0
2015-02-09 08:06,19.39,27.39,0.0,462.0,0.0,0.0
2015-02-09 08:08,19.39,27.39,0.0,461.0,0.0,0.0
2015-02-09 08:08,19.39,27.39,0.0,461.25,0.0,0.0
2015-02-09 08:09,19.39,27.39,0.0,464.5,0.0,0.0
2015-02-09 08:12,19.39,27.39,0.0,465.67,0.0,0.0
2015-02-09 08:14,19.39,27.39,0.0,464.0,0.0,0.0
2015-02-09 08:16,19.39,27.39,0.0,466.0,0.0,0.0
2015-02-09 08:18,19.39,27.39,0.0,466.0,0.0,0.0
2015-02-09 08:20,19.39,27.39,0.0,466.0,0.0,0.0
2015-02-09 08:22,19.39,27.39,0.0,466.0,0.0,0.0
2015-02-09 08:23,19.39,27.39,0.0,466.0,0.0,0.0
2015-02-09 08:24,19.39,27.39,0.0,466.0,0.0,0.0
2015-02-09 08:25,19.39,27.39,0.0,466.0,0.0,0.0
2015-02-09 08:27,19.39,27.39,0.0,466.0,0.0,0.0
2015-02-09 08:28,19.39,27.39,0.0,466.5,0.0,0.0
2015-02-09 08:30,19.39,27.39,0.0,467.75,0.0,0.0
2015-02-09 08:32,19.39,27.39,0.0,468.0,0.0,0.0
2015-02-09 08:34,19.39,27.39,0.0,468.0,0.0,0.0
2015-02-09 08:36,19.39,27.39,0.0,468.0,0.0,0.0
2015-02-09 08:38,19.39,27.39,0.0,465.5,0.0,0.0
2015-02-09 08:38,19.39,27.39,0.0,469.0,0.0,0.0
2015-02-09 08:38,19.39,27.39,0.0,467.0,0.0,0.0
2015-02-09 08:41,19.39,27.39,0.0,466.5,0.0,0.0
2015-02-09 08:43,19.39,27.39,0.0,462.5,0.0,0.0
2015-02-09 08:45,19.39,27.39,0.0,464.0,0.0,0.0
2015-02-09 08:47,19.39,27.39,0.0,469.0,0.0,0.0
2015-02-09 08:47,19.39,27.39,0.0,468.0,0.0,0.0
2015-02-09 08:51,19.39,27.39,0.0,467.5,0.0,0.0
2015-02-09 08:55,19.39,27.39,0.0,465.5,0.0,0.0
2015-02-09 08:55,19.39,27.39,0.0,469.0,0.0,0.0
2015-02-09 08:58,19.39,27.39,0.0,462.0,0.0,0.0
2015-02-09 09:01,19.39,27.39,0.0,465.33,0.0,0.0
2015-02-09 09:03,19.39,27.39,0.0,464.33,0.0,0.0
2015-02-09 09:05,19.39,27.39,0.0,467.67,0.0,0.0
2015-02-09 09:07,19.39,27.39,0.0,468.0,0.0,0.0
2015-02-09 09:08,19.39,27.39,0.0,468.0,0.0,0.0
2015-02-09 09:09,19.39,27.39,0.0,468.0,0.0,0.0
2015-02-09 09:10,19.39,27.39,0.0,468.0,0.0,0.0
2015-02-09 09:11,19.39,27.39,0.0,466.0,0.0,0.0
2015-02-09 09:11,19.39,27.39,0.0,467.0,0.0,0.0
2015-02-09 09:14,19.39,27.39,0.0,469.0,0.0,0.0
2015-02-09 09:16,19.39,27.39,0.0,468.5,0.0,0.0
2015-02-09 09:18,19.39,27.39,0.0,468.0,0.0,0.0
2015-02-09 09:20,19.39,27.39,0.0,468.0,0.0,0.0
2015-02-09 09:22,19.39,27.39,0.0,468.0,0.0,0.0
2015-02-09 09:22,19.39,27.39,0.0,468.0,0.0,0.0
2015-02-09 09:23,19.39,27.39,0.0,467.5,0.0,0.0
2015-02-09 09:26,19.39,27.39,0.0,467.5,0.0,0.0
2015-02-09 09:27,19.39,27.39,0.0,465.5,0.0,0.0
2015-02-09 09:29,19.39,27.39,0.0,466.0,0.0,0.0
2015-02-09 09:30,19.39,27.39,0.0,466.0,0.0,0.0
2015-02-09 09:31,19.39,27.39,0.0,466.0,0.0,0.0
2015-02-09 09:32,19.39,27.39,0.0,466.5,0.0,0.0
2015-02-09 09:34,19.39,27.39,0.0,467.5,0.0,0.0
2015-02-09 09:36,19.39,27.39,0.0,465.0,0.0,0.0
2015-02-09 09:38,19.39,27.39,0.0,466.0,0.0,0.0
2015-02-09 09:39,19.39,27.39,0.0,467.5,0.0,0.0
2015-02-09 09:39,19.39,27.39,0.0,466.0,0.0,0.0
2015-02-09 09:42,19.39,27.39,0.0,465.0,0.0,0.0
2015-02-09 09:43,19.39,27.39,0.0,468.5,0.0,0.0
2015-02-09 09:46,19.39,27.39,0.0,467.5,0.0,0.0
2015-02-09 09:49,19.39,27.39,0.0,464.0,0.0,0.0
2015-02-09 09:51,19.39,27.39,0.0,467.0,0.0,0.0
2015-02-09 09:53,19.39,27.39,0.0,469.0,0.0,0.0
2015-02-09 09:54,19.39,27.39,0.0,462.0,0.0,0.0
2015-02-09 09:55,19.39,27.39,0.0,467.0,0.0,0.0
2015-02-09 09:57,19.39,27.39,0.0,468.0,0.0,0.0
2015-02-09 09:59,19.39,27.39,0.0,467.5,0.0,0.0
2015-02-09 09:59,19.39,27.39,0.0,466.5,0.0,0.0
2015-02-09 09:59,19.39,27.39,0.0,466.0,0.0,0.0
2015-02-09 09:59,19.39,27.39,0.0,466.0,0.0,0.0
2015-02-09 09:59,19.39,27.39,0.0,466.0,0.0,0.0
2015-02-09 10:00,19.39,27.39,0.0,466.0,0.0,0.0
2015-02-09 10:03,19.39,27.39,0.0,466.0,0.0,0.0
2015-02-09 10:05,19.39,27.39,0.0,466.0,0.0,0.0
2015-02-09 10:07,19.39,27.39,0.0,466.0,0.0,0.0
2015-02-09 10:07,19.39,27.39,0.0,466.0,0.0,0.0
2015-02-09 10:10,19.39,27.39,0.0,466.0,0.0,0.0
2015-02-09 10:10,19.39,27.39,0.0,468.0,0.0,0.0
2015-02-09 10:13,19.39,27.39,0.0,467.5,0.0,0.0
2015-02-09 10:15,19.39,27.39,0.0,467.67,0.0,0.0
2015-02-09 10:17,19.39,27.39,0.0,468.5,0.0,0.0
2015-02-09 10:19,19.39,27.39,0.0,467.5,0.0,0.0
2015-02-09 10:19,19.39,27.39,0.0,468.0,0.0,0.0
2015-02-09 10:20,19.39,27.39,0.0,465.0,0.0,0.0
2015-02-09 10:23,19.39,27.39,0.0,469.67,0.0,0.0
2015-02-09 10:25,19.39,27.39,0.0,467.5,0.0,0.0
2015-02-09 10:26,19.39,27.39,0.0,466.5,0.0,0.0
2015-02-09 10:28,19.39,27.39,0.0,469.0,0.0,0.0
2015-02-09 10:30,19.39,27.39,0.0,468.0,0.0,0.0
2015-02-09 10:32,19.39,27.39,0.0,465.5,0.0,0.0
2015-02-09 10:34,19.39,27.39,0.0,464.0,0.0,0.0
2015-02-09 10:34,19.39,27.39,0.0,467.0,0.0,0.0
2015-02-09 10:34,19.39,27.39,0.0,467.0,0.0,0.0
2015-02-09 10:37,19.39,27.39,0.0,466.0,0.0,0.0
2015-02-09 10:38,19.39,27.39,0.0,466.0,0.0,0.0
2015-02-09 10:40,19.39,27.39,0.0,466.5,0.0,0.0
2015-02-09 10:41,19.39,27.39,0.0,462.67,0.0,0.0
2015-02-09 10:43,19.39,27.39,0.0,464.0,0.0,0.0
2015-02-09 10:44,19.39,27.39,0.0,468.0,0.0,0.0
2015-02-09 10:46,19.39,27.39,0.0,467.5,0.0,0.0
2015-02-09 10:48,19.39,27.39,0.0,466.0,0.0,0.0
2015-02-09 10:50,19.39,27.39,0.0,466.0,0.0,0.0
2015-02-09 10:52,19.39,27.39,0.0,466.0,0.0,0.0
2015-02-09 10:52,19.39,27.39,0.0,466.0,0.0,0.0
2015-02-09 10:55,19.39,27.39,0.0,466.0,0.0,0.0
2015-02-09 10:58,19.39,27.39,0.0,466.0,0.0,0.0
2015-02-09 10:59,19.39,27.39,0.0,466.0,0.0,0.0
2015-02-09 11:00,19.39,27.39,0.0,466.0,0.0,0.0
2015-02-09 11:01,19.39,27.39,0.0,466.0,0.0,0.0
2015-02-09 11:02,19.34,27.39,0.0,464.5,0.0,0.0
2015-02-09 11:04,19.39,27.39,0.0,464.0,0.0,0.0
2015-02-09 11:06,19.39,27.39,0.0,465.0,0.0,0.0
2015-02-09 11:08,19.39,27.39,0.0,464.0,0.0,0.0
2015-02-09 11:09,19.39,27.39,0.0,468.0,0.0,0.0
2015-02-09 11:10,19.39,27.39,0.0,467.5,0.0,0.0
2015-02-09 11:12,19.39,27.39,0.0,467.5,0.0,0.0
2015-02-09 11:13,19.39,27.39,0.0,465.5,0.0,0.0
2015-02-09 11:15,19.39,27.39,0.0,466.0,0.0,0.0
2015-02-09 11:17,19.39,27.39,0.0,466.0,0.0,0.0
2015-02-09 11:19,19.39,27.39,0.0,466.0,0.0,0.0
2015-02-09 11:21,19.39,27.39,0.0,466.0,0.0,0.0
2015-02-09 11:23,19.39,27.39,0.0,466.0,0.0,0.0
2015-02-09 11:23,19.39,27.39,0.0,466.0,0.0,0.0
2015-02-09 11:24,19.39,27.39,0.0,463.0,0.0,0.0
2015-02-09 11:27,19.39,27.39,0.0,468.0,0.0,0.0
2015-02-09 11:30,19.39,27.39,0.0,462.5,0.0,0.0
2015-02-09 11:30,19.39,27.39,0.0,463.0,0.0,0.0
2015-02-09 11:32,19.39,27.39,0.0,462.0,0.0,0.0
2015-02-09 11:34,19.39,27.39,0.0,458.0,0.0,0.0
2015-02-09 11:34,19.39,27.39,0.0,459.0,0.0,0.0
2015-02-09 11:36,19.39,27.39,0.0,457.0,0.0,0.0
2015-02-09 11:38,19.39,27.39,0.0,458.33,0.0,0.0
2015-02-09 11:38,19.39,27.39,0.0,457.0,0.0,0.0
2015-02-09 11:40,19.39,27.39,0.0,457.0,0.0,0.0
2015-02-09 11:40,19.39,27.39,0.0,453.5,0.0,0.0
2015-02-09 11:41,19.39,27.39,0.0,452.0,0.0,0.0
2015-02-09 11:44,19.39,27.39,0.0,454.0,0.0,0.0
2015-02-09 11:45,19.39,27.39,0.0,455.0,0.0,0.0
2015-02-09 11:46,19.39,27.39,0.0,456.0,0.0,0.0
2015-02-09 11:48,19.39,27.39,0.0,457.25,0.0,0.0
2015-02-09 11:50,19.39,27.39,0.0,458.5,0.0,0.0
2015-02-09 11:52,19.39,27.39,0.0,458.0,0.0,0.0
2015-02-09 11:53,19.39,27.39,0.0,458.0,0.0,0.0
2015-02-09 11:53,19.39,27.39,0.0,459.0,0.0,0.0
2015-02-09 11:56,19.39,27.39,0.0,452.0,0.0,0.0
2015-02-09 11:59,19.39,27.39,0.0,454.0,0.0,0.0
2015-02-09 11:59,19.39,27.39,0.0,457.0,0.0,0.0
2015-02-09 11:59,19.39,27.39,0.0,456.5,0.0,0.0
2015-02-09 11:59,19.39,27.39,0.0,454.5,0.0,0.0
2015-02-09 12:00,19.39,27.39,0.0,458.0,0.0,0.0
2015-02-09 12:02,19.39,27.39,0.0,458.0,0.0,0.0
2015-02-09 12:04,19.39,27.39,0.0,458.0,0.0,0.0
2015-02-09 12:06,19.39,27.39,0.0,459.0,0.0,0.0
2015-02-09 12:08,19.39,27.39,0.0,451.0,0.0,0.0
2015-02-09 12:08,19.39,27.39,0.0,455.0,0.0,0.0
2015-02-09 12:08,19.39,27.39,0.0,456.0,0.0,0.0
2015-02-09 12:11,19.39,27.39,0.0,457.25,0.0,0.0
2015-02-09 12:13,19.39,27.39,0.0,456.0,0.0,0.0
2015-02-09 12:15,19.39,27.39,0.0,454.0,0.0,0.0
2015-02-09 12:17,19.39,27.39,0.0,457.67,0.0,0.0
2015-02-09 12:19,19.39,27.39,0.0,458.0,0.0,0.0
2015-02-09 12:21,19.39,27.39,0.0,458.0,0.0,0.0
2015-02-09 12:21,19.39,27.39,0.0,459.0,0.0,0.0
2015-02-09 12:23,19.39,27.39,0.0,457.0,0.0,0.0
2015-02-09 12:23,19.39,27.39,0.0,458.0,0.0,0.0
2015-02-09 12:25,19.39,27.39,0.0,458.0,0.0,0.0
2015-02-09 12:26,19.39,27.39,0.0,459.0,0.0,0.0
2015-02-09 12:27,19.39,27.39,0.0,457.0,0.0,0.0
2015-02-09 12:27,19.39,27.39,0.0,458.0,0.0,0.0
2015-02-09 12:28,19.39,27.39,0.0,458.0,0.0,0.0
2015-02-09 12:30,19.39,27.39,0.0,459.0,0.0,0.0
2015-02-09 12:31,19.39,27.39,0.0,457.0,0.0,0.0
2015-02-09 12:33,19.39,27.39,0.0,456.0,0.0,0.0
2015-02-09 12:35,19.39,27.39,0.0,459.0,0.0,0.0
2015-02-09 12:37,19.39,27.39,0.0,458.0,0.0,0.0
2015-02-09 12:38,19.39,27.39,0.0,457.0,0.0,0.0
2015-02-09 12:39,19.39,27.39,0.0,457.0,0.0,0.0
2015-02-09 12:40,19.39,27.39,0.0,456.0,0.0,0.0
2015-02-09 12:40,19.39,27.39,0.0,459.0,0.0,0.0
2015-02-09 12:42,19.39,27.39,0.0,458.0,0.0,0.0
2015-02-09 12:43,19.39,27.39,0.0,458.0,0.0,0.0
2015-02-09 12:44,19.39,27.39,0.0,457.0,0.0,0.0
2015-02-09 12:45,19.39,27.39,0.0,456.0,0.0,0.0
2015-02-09 12:46,19.39,27.39,0.0,459.0,0.0,0.0
2015-02-09 12:46,19.39,27.39,0.0,458.0,0.0,0.0
2015-02-09 12:47,19.39,27.39,0.0,457.0,0.0,0.0
2015-02-09 12:49,19.39,27.39,0.0,456.5,0.0,0.0
2015-02-09 12:49,19.39,27.39,0.0,458.0,0.0,0.0
2015-02-09 12:52,19.39,27.39,0.0,457.0,0.0,0.0
2015-02-09 12:54,19.39,27.39,0.0,456.5,0.0,0.0
2015-02-09 12:56,19.39,27.39,0.0,458.0,0.0,0.0
2015-02-09 12:58,19.39,27.39,0.0,457.0,0.0,0.0
2015-02-09 13:00,19.39,27.39,0.0,456.5,0.0,0.0
2015-02-09 13:00,19.39,27.39,0.0,458.5,0.0,0.0
2015-02-09 13:02,19.39,27.39,0.0,458.0,0.0,0.0
2015-02-09 13:04,19.39,27.39,0.0,457.0,0.0,0.0
2015-02-09 13:06,19.39,27.39,0.0,456.5,0.0,0.0
2015-02-09 13:09,19.39,27.39,0.0,457.5,0.0,0.0
2015-02-09 13:09,19.39,27.39,0.0,458.0,0.0,0.0
2015-02-09 13:09,19.39,27.39,0.0,457.0,0.0,0.0
2015-02-09 13:09,19.39,27.39,0.0,458.0,0.0,0.0
2015-02-09 13:12,19.39,27.39,0.0,458.0,0.0,0.0
2015-02-09 13:15,19.39,27.39,0.0,457.0,0.0,0.0
2015-02-09 13:17,19.39,27.39,0.0,456.5,0.0,0.0
2015-02-09 13:17,19.39,27.39,0.0,458.0,0.0,0.0
2015-02-09 13:20,19.39,27.39,0.0,456.5,0.0,0.0
2015-02-09 13:23,19.39,27.39,0.0,457.5,0.0,0.0
2015-02-09 13:25,19.39,27.39,0.0,458.0,0.0,0.0
2015-02-09 13:27,19.39,27.39,0.0,456.0,0.0,0.0
2015-02-09 13:27,19.39,27.39,0.0,459.0,0.0,0.0
2015-02-09 13:30,19.39,27.39,0.0,458.0,0.0,0.0
2015-02-09 13:32,19.39,27.39,0.0,457.5,0.0,0.0
2015-02-09 13:34,19.39,27.39,0.0,456.5,0.0,0.0
2015-02-09 13:36,19.39,27.39,0.0,454.0,0.0,0.0
2015-02-09 13:38,19.39,27.39,0.0,458.5,0.0,0.0
2015-02-09 13:38,19.39,27.39,0.0,459.0,0.0,0.0
2015-02-09 13:41,19.39,27.39,0.0,452.0,0.0,0.0
2015-02-09 13:41,19.39,27.39,0.0,457.0,0.0,0.0
2015-02-09 13:45,19.39,27.39,0.0,456.0,0.0,0.0
2015-02-09 13:48,19.39,27.39,0.0,454.0,0.0,0.0
2015-02-09 13:50,19.39,27.39,0.0,459.5,0.0,0.0
2015-02-09 13:53,19.39,27.39,0.0,458.5,0.0,0.0
2015-02-09 13:53,19.39,27.39,0.0,461.0,0.0,0.0
2015-02-09 13:57,19.39,27.39,0.0,463.0,0.0,0.0
2015-02-09 13:57,19.39,27.39,0.0,462.0,0.0,0.0
2015-02-09 14:00,19.39,27.39,0.0,461.5,0.0,0.0
2015-02-09 14:02,19.39,27.39,0.0,461.0,0.0,0.0
2015-02-09 14:04,19.39,27.39,0.0,460.5,0.0,0.0
2015-02-09 14:04,19.39,27.39,0.0,463.0,0.0,0.0
2015-02-09 14:07,19.39,27.39,0.0,462.0,0.0,0.0
2015-02-09 14:08,19.39,27.39,0.0,461.0,0.0,0.0
2015-02-09 14:09,19.39,27.39,0.0,461.0,0.0,0.0
2015-02-09 14:10,19.39,27.39,0.0,460.5,0.0,0.0
2015-02-09 14:11,19.39,27.39,0.0,462.5,0.0,0.0
2015-02-09 14:13,19.39,27.39,0.0,466.0,0.0,0.0
2015-02-09 14:15,19.39,27.39,0.0,466.0,0.0,0.0
2015-02-09 14:17,19.39,27.39,0.0,466.0,0.0,0.0
2015-02-09 14:19,19.39,27.39,0.0,466.0,0.0,0.0
2015-02-09 14:21,19.39,27.39,0.0,466.0,0.0,0.0
2015-02-09 14:21,19.39,27.39,0.0,466.0,0.0,0.0
2015-02-09 14:23,19.39,27.39,0.0,466.67,0.0,0.0
2015-02-09 14:23,19.39,27.39,0.0,468.0,0.0,0.0
2015-02-09 14:25,19.39,27.39,0.0,468.0,0.0,0.0
2015-02-09 14:26,19.39,27.39,0.0,467.5,0.0,0.0
2015-02-09 14:28,19.39,27.39,0.0,464.0,0.0,0.0
2015-02-09 14:28,19.39,27.39,0.0,467.67,0.0,0.0
2015-02-09 14:28,19.39,27.39,0.0,468.0,0.0,0.0
2015-02-09 14:31,19.39,27.39,0.0,466.0,0.0,0.0
2015-02-09 14:32,19.39,27.39,0.0,469.25,0.0,0.0
2015-02-09 14:34,19.39,27.39,0.0,467.0,0.0,0.0
2015-02-09 14:36,19.39,27.39,0.0,466.5,0.0,0.0
2015-02-09 14:38,19.39,27.39,0.0,466.0,0.0,0.0
2015-02-09 14:39,19.39,27.39,0.0,463.0,0.0,0.0
2015-02-09 14:40,19.39,27.39,0.0,466.0,0.0,0.0
2015-02-09 14:40,19.39,27.39,0.0,467.67,0.0,0.0
2015-02-09 14:42,19.39,27.39,0.0,464.0,0.0,0.0
2015-02-09 14:43,19.39,27.39,0.0,468.0,0.0,0.0
2015-02-09 14:44,19.39,27.39,0.0,466.0,0.0,0.0
2015-02-09 14:46,19.39,27.39,0.0,467.0,0.0,0.0
2015-02-09 14:48,19.39,27.39,0.0,466.0,0.0,0.0
2015-02-09 14:50,19.39,27.39,0.0,469.0,0.0,0.0
2015-02-09 14:51,19.39,27.39,0.0,468.0,0.0,0.0
2015-02-09 14:53,19.39,27.39,0.0,467.5,0.0,0.0
2015-02-09 14:53,19.39,27.39,0.0,469.0,0.0,0.0
2015-02-09 14:56,19.39,27.39,0.0,468.0,0.0,0.0
2015-02-09 14:59,19.39,27.39,0.0,466.0,0.0,0.0
2015-02-09 14:59,19.39,27.39,0.0,467.0,0.0,0.0
2015-02-09 14:59,19.39,27.39,0.0,462.0,0.0,0.0
2015-02-09 14:59,19.39,27.39,0.0,462.67,0.0,0.0
2015-02-09 14:59,19.39,27.39,0.0,464.0,0.0,0.0
2015-02-09 15:02,19.39,27.39,0.0,467.0,0.0,0.0
2015-02-09 15:04,19.39,27.39,0.0,466.0,0.0,0.0
2015-02-09 15:06,19.39,27.39,0.0,466.0,0.0,0.0
2015-02-09 15:08,19.39,27.39,0.0,466.0,0.0,0.0
2015-02-09 15:10,19.39,27.39,0.0,466.0,0.0,0.0
2015-02-09 15:10,19.39,27.39,0.0,466.0,0.0,0.0
2015-02-09 15:13,19.39,27.39,0.0,466.0,0.0,0.0
2015-02-09 15:14,19.39,27.39,0.0,466.0,0.0,0.0
2015-02-09 15:15,19.39,27.39,0.0,466.0,0.0,0.0
2015-02-09 15:17,19.39,27.39,0.0,466.0,0.0,0.0
2015-02-09 15:19,19.39,27.39,0.0,466.0,0.0,0.0
2015-02-09 15:21,19.39,27.39,0.0,466.0,0.0,0.0
2015-02-09 15:23,19.39,27.39,0.0,466.0,0.0,0.0
2015-02-09 15:25,19.39,27.39,0.0,466.0,0.0,0.0
2015-02-09 15:26,19.39,27.39,0.0,468.0,0.0,0.0
2015-02-09 15:28,19.39,27.39,0.0,467.5,0.0,0.0
2015-02-09 15:30,19.39,27.39,0.0,464.0,0.0,0.0
2015-02-09 15:32,19.39,27.39,0.0,467.0,0.0,0.0
2015-02-09 15:34,19.39,27.39,0.0,469.0,0.0,0.0
2015-02-09 15:34,19.39,27.39,0.0,468.0,0.0,0.0
2015-02-09 15:37,19.39,27.39,0.0,465.5,0.0,0.0
2015-02-09 15:37,19.39,27.39,0.0,469.0,0.0,0.0
2015-02-09 15:37,19.39,27.39,0.0,467.0,0.0,0.0
2015-02-09 15:37,19.39,27.39,0.0,468.0,0.0,0.0
2015-02-09 15:40,19.39,27.39,0.0,467.67,0.0,0.0
2015-02-09 15:41,19.39,27.39,0.0,466.0,0.0,0.0
2015-02-09 15:44,19.39,27.39,0.0,467.0,0.0,0.0
2015-02-09 15:45,19.39,27.39,0.0,466.0,0.0,0.0
2015-02-09 15:46,19.39,27.39,0.0,466.0,0.0,0.0
2015-02-09 15:48,19.39,27.39,0.0,466.0,0.0,0.0
2015-02-09 15:50,19.39,27.39,0.0,466.0,0.0,0.0
2015-02-09 15:51,19.39,27.39,0.0,466.5,0.0,0.0
2015-02-09 15:53,19.39,27.39,0.0,466.0,0.0,0.0
2015-02-09 15:55,19.39,27.39,0.0,463.0,0.0,0.0
2015-02-09 15:56,19.39,27.39,0.0,462.0,0.0,0.0
2015-02-09 15:58,19.39,27.39,0.0,461.0,0.0,0.0
2015-02-09 16:00,19.39,27.39,0.0,460.5,0.0,0.0
2015-02-09 16:00,19.39,27.39,0.0,462.0,0.0,0.0
2015-02-09 16:02,19.39,27.39,0.0,461.0,0.0,0.0
2015-02-09 16:04,19.39,27.39,0.0,464.0,0.0,0.0
2015-02-09 16:06,19.39,27.39,0.0,467.5,0.0,0.0
2015-02-09 16:06,19.39,27.39,0.0,466.0,0.0,0.0
2015-02-09 16:09,19.39,27.39,0.0,467.5,0.0,0.0
2015-02-09 16:12,19.39,27.39,0.0,465.5,0.0,0.0
2015-02-09 16:12,19.39,27.39,0.0,464.0,0.0,0.0
2015-02-09 16:12,19.39,27.39,0.0,467.0,0.0,0.0
2015-02-09 16:12,19.39,27.39,0.0,468.0,0.0,0.0
2015-02-09 16:15,19.39,27.39,0.0,468.0,0.0,0.0
2015-02-09 16:17,19.39,27.39,0.0,468.0,0.0,0.0
2015-02-09 16:19,19.39,27.39,0.0,468.0,0.0,0.0
2015-02-09 16:21,19.39,27.39,0.0,468.0,0.0,0.0
2015-02-09 16:23,19.39,27.39,0.0,468.0,0.0,0.0
2015-02-09 16:25,19.39,27.39,0.0,468.0,0.0,0.0
2015-02-09 16:26,19.39,27.39,0.0,467.5,0.0,0.0
2015-02-09 16:26,19.39,27.39,0.0,466.0,0.0,0.0
2015-02-09 16:29,19.39,27.39,0.0,465.5,0.0,0.0
2015-02-09 16:29,19.39,27.39,0.0,464.5,0.0,0.0
2015-02-09 16:30,19.39,27.39,0.0,466.0,0.0,0.0
2015-02-09 16:33,19.39,27.39,0.0,467.67,0.0,0.0
2015-02-09 16:35,19.39,27.39,0.0,464.5,0.0,0.0
2015-02-09 16:37,19.39,27.39,0.0,468.0,0.0,0.0
2015-02-09 16:38,19.39,27.39,0.0,468.0,0.0,0.0
2015-02-09 16:40,19.39,27.39,0.0,467.5,0.0,0.0
2015-02-09 16:40,19.39,27.39,0.0,466.5,0.0,0.0
2015-02-09 16:40,19.39,27.39,0.0,467.0,0.0,0.0
2015-02-09 16:42,19.39,27.39,0.0,469.0,0.0,0.0
2015-02-09 16:42,19.39,27.39,0.0,468.0,0.0,0.0
2015-02-09 16:45,19.39,27.39,0.0,465.5,0.0,0.0
2015-02-09 16:45,19.39,27.39,0.0,469.0,0.0,0.0
2015-02-09 16:45,19.39,27.39,0.0,468.0,0.0,0.0
2015-02-09 16:48,19.39,27.39,0.0,468.0,0.0,0.0
2015-02-09 16:50,19.39,27.39,0.0,467.5,0.0,0.0
2015-02-09 16:51,19.39,27.39,0.0,466.5,0.0,0.0
2015-02-09 16:51,19.39,27.39,0.0,469.0,0.0,0.0
2015-02-09 16:54,19.39,27.39,0.0,467.0,0.0,0.0
2015-02-09 16:54,19.39,27.39,0.0,468.0,0.0,0.0
2015-02-09 16:57,19.39,27.39,0.0,467.5,0.0,0.0
2015-02-09 16:57,19.39,27.39,0.0,469.0,0.0,0.0
2015-02-09 16:59,19.39,27.39,0.0,466.0,0.0,0.0
2015-02-09 17:00,19.39,27.39,0.0,467.67,0.0,0.0
2015-02-09 17:00,19.39,27.39,0.0,468.0,0.0,0.0
2015-02-09 17:03,19.39,27.46,0.0,465.0,0.0,0.0
2015-02-09 17:05,19.39,27.44,0.0,464.75,0.0,0.0
2015-02-09 17:05,19.39,27.39,0.0,465.0,0.0,0.0
2015-02-09 17:05,19.39,27.39,0.0,466.0,0.0,0.0
2015-02-09 17:07,19.39,27.39,0.0,465.0,0.0,0.0
2015-02-09 17:08,19.39,27.39,0.0,468.0,0.0,0.0
2015-02-09 17:10,19.39,27.39,0.0,467.5,0.0,0.0
2015-02-09 17:13,19.39,27.39,0.0,466.5,0.0,0.0
2015-02-09 17:13,19.39,27.39,0.0,469.0,0.0,0.0
2015-02-09 17:16,19.39,27.39,0.0,467.0,0.0,0.0
2015-02-09 17:18,19.39,27.39,0.0,468.0,0.0,0.0
2015-02-09 17:20,19.39,27.39,0.0,467.67,0.0,0.0
2015-02-09 17:21,19.39,27.39,0.0,466.5,0.0,0.0
2015-02-09 17:23,19.39,27.39,0.0,469.0,0.0,0.0
2015-02-09 17:23,19.39,27.39,0.0,468.0,0.0,0.0
2015-02-09 17:26,19.39,27.39,0.0,465.5,0.0,0.0
2015-02-09 17:28,19.39,27.39,0.0,464.5,0.0,0.0
2015-02-09 17:28,19.39,27.39,0.0,466.0,0.0,0.0
2015-02-09 17:31,19.39,27.39,0.0,467.67,0.0,0.0
2015-02-09 17:33,19.39,27.39,0.0,464.0,0.0,0.0
2015-02-09 17:35,19.39,27.39,0.0,468.0,0.0,0.0
2015-02-09 17:37,19.39,27.39,0.0,468.0,0.0,0.0
2015-02-09 17:38,19.39,27.39,0.0,467.5,0.0,0.0
2015-02-09 17:39,19.39,27.39,0.0,466.5,0.0,0.0
2015-02-09 17:39,19.39,27.39,0.0,467.0,0.0,0.0
2015-02-09 17:41,19.39,27.39,0.0,469.0,0.0,0.0
2015-02-09 17:42,19.39,27.39,0.0,468.0,0.0,0.0
2015-02-09 17:44,19.39,27.39,0.0,465.0,0.0,0.0
2015-02-09 17:44,19.39,27.39,0.0,466.5,0.0,0.0
2015-02-09 17:47,19.39,27.39,0.0,467.5,0.0,0.0
2015-02-09 17:49,19.39,27.39,0.0,466.5,0.0,0.0
2015-02-09 17:49,19.39,27.39,0.0,469.5,0.0,0.0
2015-02-09 17:52,19.39,27.39,0.0,462.5,0.0,0.0
2015-02-09 17:52,19.39,27.39,0.0,465.0,0.0,0.0
2015-02-09 17:55,19.39,27.39,0.0,469.0,0.0,0.0
2015-02-09 17:57,19.39,27.39,0.0,462.0,0.0,0.0
2015-02-09 17:58,19.39,27.39,0.0,463.67,0.0,0.0
2015-02-09 17:59,19.39,27.39,0.0,462.0,0.0,0.0
2015-02-09 18:00,19.39,27.39,0.0,462.0,0.0,0.0
2015-02-09 18:01,19.39,27.39,0.0,461.0,0.0,0.0
2015-02-09 18:02,19.39,27.39,0.0,460.5,0.0,0.0
2015-02-09 18:04,19.39,27.39,0.0,461.5,0.0,0.0
2015-02-09 18:06,19.39,27.39,0.0,461.0,0.0,0.0
2015-02-09 18:08,19.39,27.39,0.0,461.0,0.0,0.0
2015-02-09 18:09,19.39,27.39,0.0,461.0,0.0,0.0
2015-02-09 18:10,19.39,27.39,0.0,461.0,0.0,0.0
2015-02-09 18:11,19.39,27.39,0.0,459.0,0.0,0.0
2015-02-09 18:12,19.39,27.39,0.0,458.5,0.0,0.0
2015-02-09 18:12,19.39,27.39,0.0,462.0,0.0,0.0
2015-02-09 18:13,19.39,27.39,0.0,464.0,0.0,0.0
2015-02-09 18:16,19.39,27.39,0.0,467.67,0.0,0.0
2015-02-09 18:18,19.39,27.39,0.0,466.5,0.0,0.0
2015-02-09 18:20,19.39,27.39,0.0,469.0,0.0,0.0
2015-02-09 18:22,19.39,27.39,0.0,468.0,0.0,0.0
2015-02-09 18:23,19.39,27.39,0.0,465.5,0.0,0.0
2015-02-09 18:23,19.39,27.39,0.0,466.0,0.0,0.0
2015-02-09 18:26,19.39,27.39,0.0,467.67,0.0,0.0
2015-02-09 18:28,19.39,27.39,0.0,464.5,0.0,0.0
2015-02-09 18:30,19.39,27.39,0.0,468.0,0.0,0.0
2015-02-09 18:32,19.39,27.39,0.0,469.0,0.0,0.0
2015-02-09 18:32,19.39,27.39,0.0,468.0,0.0,0.0
2015-02-09 18:35,19.39,27.39,0.0,467.5,0.0,0.0
2015-02-09 18:37,19.39,27.39,0.0,462.0,0.0,0.0
2015-02-09 18:37,19.39,27.39,0.0,463.0,0.0,0.0
2015-02-09 18:40,19.39,27.39,0.0,462.0,0.0,0.0
2015-02-09 18:42,19.39,27.39,0.0,461.0,0.0,0.0
2015-02-09 18:42,19.39,27.39,0.0,465.0,0.0,0.0
2015-02-09 18:45,19.39,27.39,0.0,466.5,0.0,0.0
2015-02-09 18:48,19.39,27.39,0.0,469.0,0.0,0.0
2015-02-09 18:48,19.39,27.39,0.0,468.0,0.0,0.0
2015-02-09 18:51,19.39,27.39,0.0,467.5,0.0,0.0
2015-02-09 18:54,19.39,27.39,0.0,467.5,0.0,0.0
2015-02-09 18:55,19.39,27.39,0.0,464.0,0.0,0.0
2015-02-09 18:57,19.39,27.39,0.0,462.0,0.0,0.0
2015-02-09 18:58,19.39,27.39,0.0,461.0,0.0,0.0
2015-02-09 18:59,19.39,27.39,0.0,464.0,0.0,0.0
2015-02-09 19:00,19.39,27.39,0.0,467.67,0.0,0.0
2015-02-09 19:01,19.39,27.39,0.0,466.0,0.0,0.0
2015-02-09 19:02,19.39,27.39,0.0,465.5,0.0,0.0
2015-02-09 19:04,19.39,27.39,0.0,464.0,0.0,0.0
2015-02-09 19:06,19.39,27.39,0.0,466.5,0.0,0.0
2015-02-09 19:08,19.39,27.39,0.0,469.67,0.0,0.0
2015-02-09 19:09,19.39,27.39,0.0,467.0,0.0,0.0
2015-02-09 19:09,19.39,27.39,0.0,468.0,0.0,0.0
2015-02-09 19:12,19.39,27.39,0.0,465.0,0.0,0.0
2015-02-09 19:13,19.39,27.39,0.0,467.0,0.0,0.0
2015-02-09 19:15,19.39,27.39,0.0,468.0,0.0,0.0
2015-02-09 19:17,19.39,27.39,0.0,467.5,0.0,0.0
2015-02-09 19:19,19.39,27.39,0.0,466.5,0.0,0.0
2015-02-09 19:19,19.39,27.39,0.0,469.0,0.0,0.0
2015-02-09 19:20,19.39,27.39,0.0,467.0,0.0,0.0
2015-02-09 19:20,19.39,27.39,0.0,468.0,0.0,0.0
2015-02-09 19:22,19.39,27.39,0.0,468.0,0.0,0.0
2015-02-09 19:23,19.39,27.39,0.0,467.5,0.0,0.0
2015-02-09 19:25,19.39,27.39,0.0,466.5,0.0,0.0
2015-02-09 19:25,19.39,27.39,0.0,469.0,0.0,0.0
2015-02-09 19:26,19.39,27.39,0.0,467.0,0.0,0.0
2015-02-09 19:26,19.39,27.39,0.0,468.0,0.0,0.0
2015-02-09 19:28,19.39,27.39,0.0,467.5,0.0,0.0
2015-02-09 19:30,19.39,27.39,0.0,469.0,0.0,0.0
2015-02-09 19:32,19.39,27.39,0.0,468.0,0.0,0.0
2015-02-09 19:34,19.39,27.39,0.0,465.5,0.0,0.0
2015-02-09 19:34,19.39,27.39,0.0,469.0,0.0,0.0
2015-02-09 19:34,19.39,27.39,0.0,468.0,0.0,0.0
2015-02-09 19:34,19.39,27.39,0.0,467.0,0.0,0.0
2015-02-09 19:36,19.39,27.39,0.0,469.0,0.0,0.0
2015-02-09 19:36,19.39,27.39,0.0,468.0,0.0,0.0
2015-02-09 19:39,19.39,27.39,0.0,467.67,0.0,0.0
2015-02-09 19:40,19.39,27.39,0.0,467.5,0.0,0.0
2015-02-09 19:41,19.39,27.39,0.0,468.0,0.0,0.0
2015-02-09 19:43,19.39,27.39,0.0,464.0,0.0,0.0
2015-02-09 19:45,19.39,27.39,0.0,467.0,0.0,0.0
2015-02-09 19:45,19.39,27.39,0.0,468.0,0.0,0.0
2015-02-09 19:47,19.39,27.39,0.0,467.0,0.0,0.0
2015-02-09 19:47,19.39,27.39,0.0,466.0,0.0,0.0
2015-02-09 19:50,19.39,27.39,0.0,469.0,0.0,0.0
2015-02-09 19:53,19.39,27.39,0.0,468.0,0.0,0.0
2015-02-09 19:53,19.39,27.39,0.0,468.0,0.0,0.0
2015-02-09 19:57,19.39,27.44,0.0,464.5,0.0,0.0
2015-02-09 19:57,19.39,27.39,0.0,469.0,0.0,0.0
2015-02-09 19:59,19.39,27.39,0.0,466.0,0.0,0.0
2015-02-09 19:59,19.39,27.39,0.0,467.75,0.0,0.0
2015-02-09 19:59,19.39,27.39,0.0,466.67,0.0,0.0
2015-02-09 19:59,19.39,27.39,0.0,462.0,0.0,0.0
2015-02-09 19:59,19.39,27.39,0.0,463.0,0.0,0.0
2015-02-09 19:59,19.39,27.39,0.0,462.0,0.0,0.0
2015-02-09 19:59,19.39,27.39,0.0,463.0,0.0,0.0
2015-02-09 20:00,19.39,27.39,0.0,459.0,0.0,0.0
2015-02-09 20:02,19.39,27.39,0.0,468.33,0.0,0.0
2015-02-09 20:04,19.39,27.39,0.0,467.67,0.0,0.0
2015-02-09 20:06,19.39,27.39,0.0,465.25,0.0,0.0
2015-02-09 20:08,19.39,27.39,0.0,464.0,0.0,0.0
2015-02-09 20:10,19.39,27.39,0.0,467.67,0.0,0.0
2015-02-09 20:11,19.39,27.39,0.0,464.0,0.0,0.0
2015-02-09 20:14,19.39,27.39,0.0,468.0,0.0,0.0
2015-02-09 20:16,19.39,27.39,0.0,468.0,0.0,0.0
2015-02-09 20:18,19.39,27.39,0.0,468.0,0.0,0.0
2015-02-09 20:20,19.39,27.39,0.0,468.0,0.0,0.0
2015-02-09 20:22,19.39,27.39,0.0,465.5,0.0,0.0
2015-02-09 20:22,19.39,27.39,0.0,467.5,0.0,0.0
2015-02-09 20:24,19.39,27.39,0.0,466.0,0.0,0.0
2015-02-09 20:24,19.39,27.39,0.0,462.0,0.0,0.0
2015-02-09 20:26,19.39,27.39,0.0,468.0,0.0,0.0
2015-02-09 20:28,19.39,27.39,0.0,468.0,0.0,0.0
2015-02-09 20:28,19.39,27.39,0.0,468.0,0.0,0.0
2015-02-09 20:29,19.39,27.39,0.0,463.5,0.0,0.0
2015-02-09 20:31,19.39,27.39,0.0,462.5,0.0,0.0
2015-02-09 20:31,19.39,27.39,0.0,463.0,0.0,0.0
2015-02-09 20:32,19.39,27.39,0.0,462.0,0.0,0.0
2015-02-09 20:34,19.39,27.39,0.0,457.0,0.0,0.0
2015-02-09 20:35,19.39,27.39,0.0,459.0,0.0,0.0
2015-02-09 20:36,19.39,27.39,0.0,458.0,0.0,0.0
2015-02-09 20:38,19.39,27.39,0.0,459.0,0.0,0.0
2015-02-09 20:39,19.39,27.39,0.0,457.5,0.0,0.0
2015-02-09 20:40,19.39,27.39,0.0,458.0,0.0,0.0
2015-02-09 20:40,19.39,27.39,0.0,457.5,0.0,0.0
2015-02-09 20:42,19.39,27.39,0.0,456.5,0.0,0.0
2015-02-09 20:42,19.39,27.39,0.0,458.0,0.0,0.0
2015-02-09 20:43,19.39,27.39,0.0,457.0,0.0,0.0
2015-02-09 20:45,19.39,27.39,0.0,456.5,0.0,0.0
2015-02-09 20:46,19.39,27.39,0.0,457.5,0.0,0.0
2015-02-09 20:48,19.39,27.39,0.0,454.0,0.0,0.0
2015-02-09 20:48,19.39,27.39,0.0,459.0,0.0,0.0
2015-02-09 20:48,19.39,27.39,0.0,458.0,0.0,0.0
2015-02-09 20:51,19.39,27.39,0.0,457.5,0.0,0.0
2015-02-09 20:53,19.39,27.39,0.0,456.5,0.0,0.0
2015-02-09 20:53,19.39,27.39,0.0,458.0,0.0,0.0
2015-02-09 20:55,19.39,27.39,0.0,458.0,0.0,0.0
2015-02-09 20:56,19.39,27.39,0.0,459.0,0.0,0.0
2015-02-09 20:58,19.39,27.39,0.0,457.5,0.0,0.0
2015-02-09 21:00,19.39,27.39,0.0,455.0,0.0,0.0
2015-02-09 21:02,19.39,27.39,0.0,454.5,0.0,0.0
2015-02-09 21:02,19.39,27.39,0.0,458.0,0.0,0.0
2015-02-09 21:02,19.39,27.39,0.0,459.0,0.0,0.0
2015-02-09 21:05,19.39,27.39,0.0,457.5,0.0,0.0
2015-02-09 21:05,19.39,27.39,0.0,458.0,0.0,0.0
2015-02-09 21:11,19.39,27.39,0.0,456.0,0.0,0.0
2015-02-09 21:14,19.39,27.39,0.0,457.67,0.0,0.0
2015-02-09 21:17,19.39,27.39,0.0,458.0,0.0,0.0
2015-02-09 21:17,19.39,27.39,0.0,459.0,0.0,0.0
2015-02-09 21:21,19.39,27.39,0.0,458.67,0.0,0.0
2015-02-09 21:21,19.39,27.39,0.0,458.0,0.0,0.0
2015-02-09 21:21,19.39,27.39,0.0,459.0,0.0,0.0
2015-02-09 21:26,19.39,27.39,0.0,457.5,0.0,0.0
2015-02-09 21:29,19.39,27.39,0.0,456.5,0.0,0.0
2015-02-09 21:29,19.39,27.39,0.0,458.0,0.0,0.0
2015-02-09 21:30,19.39,27.39,0.0,459.0,0.0,0.0
2015-02-09 21:33,19.39,27.39,0.0,457.5,0.0,0.0
2015-02-09 21:33,19.39,27.39,0.0,458.0,0.0,0.0
2015-02-09 21:33,19.39,27.39,0.0,459.0,0.0,0.0
2015-02-09 21:36,19.39,27.39,0.0,452.5,0.0,0.0
2015-02-09 21:38,19.39,27.39,0.0,455.0,0.0,0.0
2015-02-09 21:38,19.39,27.39,0.0,456.0,0.0,0.0
2015-02-09 21:42,19.39,27.39,0.0,457.25,0.0,0.0
2015-02-09 21:42,19.39,27.39,0.0,456.0,0.0,0.0
2015-02-09 21:46,19.39,27.39,0.0,454.0,0.0,0.0
2015-02-09 21:46,19.39,27.39,0.0,458.0,0.0,0.0
2015-02-09 21:49,19.39,27.39,0.0,459.0,0.0,0.0
2015-02-09 21:49,19.39,27.39,0.0,457.5,0.0,0.0
2015-02-09 21:52,19.39,27.39,0.0,450.5,0.0,0.0
2015-02-09 21:52,19.39,27.39,0.0,454.0,0.0,0.0
2015-02-09 21:54,19.39,27.39,0.0,458.0,0.0,0.0
2015-02-09 21:54,19.39,27.39,0.0,457.0,0.0,0.0
2015-02-09 21:54,19.39,27.39,0.0,459.0,0.0,0.0
2015-02-09 21:57,19.39,27.39,0.0,459.0,0.0,0.0
2015-02-09 21:57,19.39,27.39,0.0,458.0,0.0,0.0
2015-02-09 22:00,19.39,27.39,0.0,458.0,0.0,0.0
